[{
    "metadata": {
        "product": {
            "name": "Prowler",
            "vendor_name": "Prowler",
            "version": "4.0.0"
        },
        "version": "1.1.0"
    },
    "severity_id": 3,
    "severity": "Medium",
    "status": "Other",
    "status_code": "PASS",
    "status_detail": "EBS Default Encryption is activated.",
    "status_id": 99,
    "activity_name": "Create",
    "activity_id": 1,
    "finding_info": {
        "created_time": "2024-04-02T16:05:14.455404",
        "desc": "Check if EBS Default Encryption is activated.",
        "product_uid": "prowler",
        "title": "Check if EBS Default Encryption is activated.",
        "uid": "prowler-aws-ec2_ebs_default_encryption-106908755756-eu-west-1-106908755756"
    },
    "resources": [
        {
            "cloud_partition": "aws",
            "region": "eu-west-1",
            "group": {
                "name": "ec2"
            },
            "labels": [],
            "name": "106908755756",
            "type": "Other",
            "uid": "arn:aws:ec2:eu-west-1:106908755756:volume"
        }
    ],
    "category_name": "Findings",
    "category_uid": 2,
    "class_name": "DetectionFinding",
    "class_uid": 2004,
    "cloud": {
        "account": {
            "name": "prowlerpro-dev",
            "type": "AWS_Account",
            "type_id": 10,
            "uid": "106908755756"
        },
        "org": {
            "name": "o-az6b84scgf",
            "uid": "arn:aws:organizations::741399645537:organization/o-az6b84scgf"
        },
        "provider": "aws",
        "region": "eu-west-1"
    },
    "event_time": "2024-04-02T16:05:14.455404",
    "remediation": {
        "desc": "Enable Encryption. Use a CMK where possible. It will provide additional management and privacy benefits.",
        "references": [
            "https://docs.bridgecrew.io/docs/ensure-ebs-default-encryption-is-enabled#terraform",
            "aws ec2 enable-ebs-encryption-by-default",
            "https://docs.bridgecrew.io/docs/ensure-ebs-default-encryption-is-enabled#aws-console",
            "https://aws.amazon.com/premiumsupport/knowledge-center/ebs-automatic-encryption/"
        ]
    },
    "type_uid": 200401,
    "type_name": "Create"
},{
    "metadata": {
        "product": {
            "name": "Prowler",
            "vendor_name": "Prowler",
            "version": "4.0.0"
        },
        "version": "1.1.0"
    },
    "severity_id": 3,
    "severity": "Medium",
    "status": "Other",
    "status_code": "PASS",
    "status_detail": "EBS Default Encryption is activated.",
    "status_id": 99,
    "activity_name": "Create",
    "activity_id": 1,
    "finding_info": {
        "created_time": "2024-04-02T16:05:14.455404",
        "desc": "Check if EBS Default Encryption is activated.",
        "product_uid": "prowler",
        "title": "Check if EBS Default Encryption is activated.",
        "uid": "prowler-aws-ec2_ebs_default_encryption-106908755756-us-east-1-106908755756"
    },
    "resources": [
        {
            "cloud_partition": "aws",
            "region": "us-east-1",
            "group": {
                "name": "ec2"
            },
            "labels": [],
            "name": "106908755756",
            "type": "Other",
            "uid": "arn:aws:ec2:us-east-1:106908755756:volume"
        }
    ],
    "category_name": "Findings",
    "category_uid": 2,
    "class_name": "DetectionFinding",
    "class_uid": 2004,
    "cloud": {
        "account": {
            "name": "prowlerpro-dev",
            "type": "AWS_Account",
            "type_id": 10,
            "uid": "106908755756"
        },
        "org": {
            "name": "o-az6b84scgf",
            "uid": "arn:aws:organizations::741399645537:organization/o-az6b84scgf"
        },
        "provider": "aws",
        "region": "us-east-1"
    },
    "event_time": "2024-04-02T16:05:14.455404",
    "remediation": {
        "desc": "Enable Encryption. Use a CMK where possible. It will provide additional management and privacy benefits.",
        "references": [
            "https://docs.bridgecrew.io/docs/ensure-ebs-default-encryption-is-enabled#terraform",
            "aws ec2 enable-ebs-encryption-by-default",
            "https://docs.bridgecrew.io/docs/ensure-ebs-default-encryption-is-enabled#aws-console",
            "https://aws.amazon.com/premiumsupport/knowledge-center/ebs-automatic-encryption/"
        ]
    },
    "type_uid": 200401,
    "type_name": "Create"
}]