[{
    "metadata": {
        "product": {
            "name": "Prowler",
            "vendor_name": "Prowler",
            "version": "4.0.0"
        },
        "version": "1.1.0"
    },
    "severity_id": 2,
    "severity": "Low",
    "status": "New",
    "status_code": "FAIL",
    "status_detail": "There are no AppInsight configured in susbscription Prowler Dev.",
    "status_id": 1,
    "activity_name": "Create",
    "activity_id": 1,
    "finding_info": {
        "created_time": "2024-04-02T14:38:37.160712",
        "desc": "Application Insights within Azure act as an Application Performance Monitoring solution providing valuable data into how well an application performs and additional information when performing incident response. The types of log data collected include application metrics, telemetry data, and application trace logging data providing organizations with detailed information about application activity and application transactions. Both data sets help organizations adopt a proactive and retroactive means to handle security and performance related metrics within their modern applications.",
        "product_uid": "prowler",
        "title": "Ensure Application Insights are Configured.",
        "uid": "prowler-azure-appinsights_ensure_is_configured-b0d944f1-bb40-434a-a2da-8fed62716d3c-global-AppInsights"
    },
    "resources": [
        {
            "cloud_partition": "AzureCloud",
            "region": "global",
            "group": {
                "name": "appinsights"
            },
            "labels": [],
            "name": "AppInsights",
            "type": "Microsoft.Insights/components",
            "uid": "AppInsights"
        }
    ],
    "category_name": "Findings",
    "category_uid": 2,
    "class_name": "DetectionFinding",
    "class_uid": 2004,
    "cloud": {
        "account": {
            "name": "Prowler Dev",
            "type": "Azure_AD_Account",
            "type_id": 6,
            "uid": "b0d944f1-bb40-434a-a2da-8fed62716d3c"
        },
        "org": {
            "name": "ProwlerPro.onmicrosoft.com",
            "uid": "f4dffefa-083f-4e9e-91e0-5d1e04f4b72b"
        },
        "provider": "azure",
        "region": "global"
    },
    "event_time": "2024-04-02T14:38:37.160712",
    "remediation": {
        "desc": "1. Navigate to Application Insights 2. Under the Basics tab within the PROJECT DETAILS section, select the Subscription 3. Select the Resource group 4. Within the INSTANCE DETAILS, enter a Name 5. Select a Region 6. Next to Resource Mode, select Workspace-based 7. Within the WORKSPACE DETAILS, select the Subscription for the log analytics workspace 8. Select the appropriate Log Analytics Workspace 9. Click Next:Tags > 10. Enter the appropriate Tags as Name, Value pairs. 11. Click Next:Review+Create 12. Click Create.",
        "references": [
            "az monitor app-insights component create --app <app name> --resource-group <resource group name> --location <location> --kind 'web' --retention-time <INT days to retain logs> --workspace <log analytics workspace ID> -- subscription <subscription ID>",
            "https://www.tenable.com/audits/items/CIS_Microsoft_Azure_Foundations_v2.0.0_L2.audit:8a7a608d180042689ad9d3f16aa359f1"
        ]
    },
    "type_uid": 200401,
    "type_name": "Create"
},{
    "metadata": {
        "product": {
            "name": "Prowler",
            "vendor_name": "Prowler",
            "version": "4.0.0"
        },
        "version": "1.1.0"
    },
    "severity_id": 3,
    "severity": "Medium",
    "status": "New",
    "status_code": "FAIL",
    "status_detail": "There is not another correct email configured for susbscription Prowler Dev.",
    "status_id": 1,
    "activity_name": "Create",
    "activity_id": 1,
    "finding_info": {
        "created_time": "2024-04-02T14:38:37.160712",
        "desc": "Microsoft Defender for Cloud emails the subscription owners whenever a high-severity alert is triggered for their subscription. You should provide a security contact email address as an additional email address.",
        "product_uid": "prowler",
        "title": "Ensure 'Additional email addresses' is Configured with a Security Contact Email",
        "uid": "prowler-azure-defender_additional_email_configured_with_a_security_contact-b0d944f1-bb40-434a-a2da-8fed62716d3c-global-default"
    },
    "resources": [
        {
            "cloud_partition": "AzureCloud",
            "region": "global",
            "group": {
                "name": "defender"
            },
            "labels": [],
            "name": "default",
            "type": "AzureEmailNotifications",
            "uid": "/subscriptions/b0d944f1-bb40-434a-a2da-8fed62716d3c/providers/Microsoft.Security/securityContacts/default"
        }
    ],
    "category_name": "Findings",
    "category_uid": 2,
    "class_name": "DetectionFinding",
    "class_uid": 2004,
    "cloud": {
        "account": {
            "name": "Prowler Dev",
            "type": "Azure_AD_Account",
            "type_id": 6,
            "uid": "b0d944f1-bb40-434a-a2da-8fed62716d3c"
        },
        "org": {
            "name": "ProwlerPro.onmicrosoft.com",
            "uid": "f4dffefa-083f-4e9e-91e0-5d1e04f4b72b"
        },
        "provider": "azure",
        "region": "global"
    },
    "event_time": "2024-04-02T14:38:37.160712",
    "remediation": {
        "desc": "1. From Azure Home select the Portal Menu 2. Select Microsoft Defender for Cloud 3. Click on Environment Settings 4. Click on the appropriate Management Group, Subscription, or Workspace 5. Click on Email notifications 6. Enter a valid security contact email address (or multiple addresses separated by commas) in the Additional email addresses field 7. Click Save",
        "references": [
            "https://docs.bridgecrew.io/docs/ensure-that-security-contact-emails-is-set#terraform",
            "https://www.trendmicro.com/cloudoneconformity/knowledge-base/azure/SecurityCenter/security-contact-email.html",
            "https://learn.microsoft.com/en-us/rest/api/defenderforcloud/security-contacts/list?view=rest-defenderforcloud-2020-01-01-preview&tabs=HTTP"
        ]
    },
    "type_uid": 200401,
    "type_name": "Create"
},{
    "metadata": {
        "product": {
            "name": "Prowler",
            "vendor_name": "Prowler",
            "version": "4.0.0"
        },
        "version": "1.1.0"
    },
    "severity_id": 3,
    "severity": "Medium",
    "status": "New",
    "status_code": "FAIL",
    "status_detail": "Defender Auto Provisioning Log Analytics Agents from subscription Prowler Dev is set to OFF.",
    "status_id": 1,
    "activity_name": "Create",
    "activity_id": 1,
    "finding_info": {
        "created_time": "2024-04-02T14:38:37.160712",
        "desc": "Ensure that Auto provisioning of 'Log Analytics agent for Azure VMs' is Set to 'On'. The Microsoft Monitoring Agent scans for various security-related configurations and events such as system updates, OS vulnerabilities, endpoint protection, and provides alerts.",
        "product_uid": "prowler",
        "title": "Ensure that Auto provisioning of 'Log Analytics agent for Azure VMs' is Set to 'On'",
        "uid": "prowler-azure-defender_auto_provisioning_log_analytics_agent_vms_on-b0d944f1-bb40-434a-a2da-8fed62716d3c-global-default"
    },
    "resources": [
        {
            "cloud_partition": "AzureCloud",
            "region": "global",
            "group": {
                "name": "defender"
            },
            "labels": [],
            "name": "default",
            "type": "AzureDefenderPlan",
            "uid": "/subscriptions/b0d944f1-bb40-434a-a2da-8fed62716d3c/providers/Microsoft.Security/autoProvisioningSettings/default"
        }
    ],
    "category_name": "Findings",
    "category_uid": 2,
    "class_name": "DetectionFinding",
    "class_uid": 2004,
    "cloud": {
        "account": {
            "name": "Prowler Dev",
            "type": "Azure_AD_Account",
            "type_id": 6,
            "uid": "b0d944f1-bb40-434a-a2da-8fed62716d3c"
        },
        "org": {
            "name": "ProwlerPro.onmicrosoft.com",
            "uid": "f4dffefa-083f-4e9e-91e0-5d1e04f4b72b"
        },
        "provider": "azure",
        "region": "global"
    },
    "event_time": "2024-04-02T14:38:37.160712",
    "remediation": {
        "desc": "Ensure comprehensive visibility into possible security vulnerabilities, including missing updates, misconfigured operating system security settings, and active threats, allowing for timely mitigation and improved overall security posture",
        "references": [
            "https://www.trendmicro.com/cloudoneconformity-staging/knowledge-base/azure/SecurityCenter/automatic-provisioning-of-monitoring-agent.html",
            "https://learn.microsoft.com/en-us/azure/defender-for-cloud/monitoring-components"
        ]
    },
    "type_uid": 200401,
    "type_name": "Create"
},{
    "metadata": {
        "product": {
            "name": "Prowler",
            "vendor_name": "Prowler",
            "version": "4.0.0"
        },
        "version": "1.1.0"
    },
    "severity_id": 3,
    "severity": "Medium",
    "status": "New",
    "status_code": "FAIL",
    "status_detail": "Container image scan is disabled in subscription Prowler Dev.",
    "status_id": 1,
    "activity_name": "Create",
    "activity_id": 1,
    "finding_info": {
        "created_time": "2024-04-02T14:38:37.160712",
        "desc": "Scan images being deployed to Azure (AKS) for vulnerabilities. Vulnerability scanning for images stored in Azure Container Registry is generally available in Azure Security Center. This capability is powered by Qualys, a leading provider of information security. When you push an image to Container Registry, Security Center automatically scans it, then checks for known vulnerabilities in packages or dependencies defined in the file. When the scan completes (after about 10 minutes), Security Center provides details and a security classification for each vulnerability detected, along with guidance on how to remediate issues and protect vulnerable attack surfaces.",
        "product_uid": "prowler",
        "title": "Ensure Image Vulnerability Scanning using Azure Defender image scanning or a third party provider",
        "uid": "prowler-azure-defender_container_images_scan_enabled-b0d944f1-bb40-434a-a2da-8fed62716d3c-global-Dender plan for Containers"
    },
    "resources": [
        {
            "cloud_partition": "AzureCloud",
            "region": "global",
            "group": {
                "name": "defender"
            },
            "labels": [],
            "name": "Dender plan for Containers",
            "type": "Microsoft.Security",
            "uid": "/subscriptions/b0d944f1-bb40-434a-a2da-8fed62716d3c/providers/Microsoft.Security/pricings/Containers"
        }
    ],
    "category_name": "Findings",
    "category_uid": 2,
    "class_name": "DetectionFinding",
    "class_uid": 2004,
    "cloud": {
        "account": {
            "name": "Prowler Dev",
            "type": "Azure_AD_Account",
            "type_id": 6,
            "uid": "b0d944f1-bb40-434a-a2da-8fed62716d3c"
        },
        "org": {
            "name": "ProwlerPro.onmicrosoft.com",
            "uid": "f4dffefa-083f-4e9e-91e0-5d1e04f4b72b"
        },
        "provider": "azure",
        "region": "global"
    },
    "event_time": "2024-04-02T14:38:37.160712",
    "remediation": {
        "desc": "",
        "references": [
            "https://learn.microsoft.com/en-us/azure/container-registry/scan-images-defender"
        ]
    },
    "type_uid": 200401,
    "type_name": "Create"
},{
    "metadata": {
        "product": {
            "name": "Prowler",
            "vendor_name": "Prowler",
            "version": "4.0.0"
        },
        "version": "1.1.0"
    },
    "severity_id": 4,
    "severity": "High",
    "status": "New",
    "status_code": "FAIL",
    "status_detail": "Defender plan Defender for App Services from subscription Prowler Dev is set to OFF (pricing tier not standard).",
    "status_id": 1,
    "activity_name": "Create",
    "activity_id": 1,
    "finding_info": {
        "created_time": "2024-04-02T14:38:37.160712",
        "desc": "Ensure That Microsoft Defender for App Services Is Set To 'On' ",
        "product_uid": "prowler",
        "title": "Ensure That Microsoft Defender for App Services Is Set To 'On' ",
        "uid": "prowler-azure-defender_ensure_defender_for_app_services_is_on-b0d944f1-bb40-434a-a2da-8fed62716d3c-global-Defender plan App Services"
    },
    "resources": [
        {
            "cloud_partition": "AzureCloud",
            "region": "global",
            "group": {
                "name": "defender"
            },
            "labels": [],
            "name": "Defender plan App Services",
            "type": "AzureDefenderPlan",
            "uid": "/subscriptions/b0d944f1-bb40-434a-a2da-8fed62716d3c/providers/Microsoft.Security/pricings/AppServices"
        }
    ],
    "category_name": "Findings",
    "category_uid": 2,
    "class_name": "DetectionFinding",
    "class_uid": 2004,
    "cloud": {
        "account": {
            "name": "Prowler Dev",
            "type": "Azure_AD_Account",
            "type_id": 6,
            "uid": "b0d944f1-bb40-434a-a2da-8fed62716d3c"
        },
        "org": {
            "name": "ProwlerPro.onmicrosoft.com",
            "uid": "f4dffefa-083f-4e9e-91e0-5d1e04f4b72b"
        },
        "provider": "azure",
        "region": "global"
    },
    "event_time": "2024-04-02T14:38:37.160712",
    "remediation": {
        "desc": "By default, Microsoft Defender for Cloud is not enabled for your App Service instances. Enabling the Defender security service for App Service instances allows for advanced security defense using threat detection capabilities provided by Microsoft Security Response Center.",
        "references": [
            "https://docs.bridgecrew.io/docs/ensure-that-azure-defender-is-set-to-on-for-app-service#terraform",
            "https://www.trendmicro.com/cloudoneconformity/knowledge-base/azure/SecurityCenter/defender-app-service.html",
            "https://www.trendmicro.com/cloudoneconformity/knowledge-base/azure/SecurityCenter/defender-app-service.html"
        ]
    },
    "type_uid": 200401,
    "type_name": "Create"
},{
    "metadata": {
        "product": {
            "name": "Prowler",
            "vendor_name": "Prowler",
            "version": "4.0.0"
        },
        "version": "1.1.0"
    },
    "severity_id": 4,
    "severity": "High",
    "status": "New",
    "status_code": "FAIL",
    "status_detail": "Defender plan Defender for ARM from subscription Prowler Dev is set to OFF (pricing tier not standard).",
    "status_id": 1,
    "activity_name": "Create",
    "activity_id": 1,
    "finding_info": {
        "created_time": "2024-04-02T14:38:37.160712",
        "desc": "Ensure That Microsoft Defender for Azure Resource Manager Is Set To 'On' ",
        "product_uid": "prowler",
        "title": "Ensure That Microsoft Defender for Azure Resource Manager Is Set To 'On' ",
        "uid": "prowler-azure-defender_ensure_defender_for_arm_is_on-b0d944f1-bb40-434a-a2da-8fed62716d3c-global-Defender plan ARM"
    },
    "resources": [
        {
            "cloud_partition": "AzureCloud",
            "region": "global",
            "group": {
                "name": "defender"
            },
            "labels": [],
            "name": "Defender plan ARM",
            "type": "AzureDefenderPlan",
            "uid": "/subscriptions/b0d944f1-bb40-434a-a2da-8fed62716d3c/providers/Microsoft.Security/pricings/Arm"
        }
    ],
    "category_name": "Findings",
    "category_uid": 2,
    "class_name": "DetectionFinding",
    "class_uid": 2004,
    "cloud": {
        "account": {
            "name": "Prowler Dev",
            "type": "Azure_AD_Account",
            "type_id": 6,
            "uid": "b0d944f1-bb40-434a-a2da-8fed62716d3c"
        },
        "org": {
            "name": "ProwlerPro.onmicrosoft.com",
            "uid": "f4dffefa-083f-4e9e-91e0-5d1e04f4b72b"
        },
        "provider": "azure",
        "region": "global"
    },
    "event_time": "2024-04-02T14:38:37.160712",
    "remediation": {
        "desc": "Enable  Microsoft Defender for Azure Resource Manager",
        "references": []
    },
    "type_uid": 200401,
    "type_name": "Create"
},{
    "metadata": {
        "product": {
            "name": "Prowler",
            "vendor_name": "Prowler",
            "version": "4.0.0"
        },
        "version": "1.1.0"
    },
    "severity_id": 4,
    "severity": "High",
    "status": "New",
    "status_code": "FAIL",
    "status_detail": "Defender plan Defender for Azure SQL DB Servers from subscription Prowler Dev is set to OFF (pricing tier not standard).",
    "status_id": 1,
    "activity_name": "Create",
    "activity_id": 1,
    "finding_info": {
        "created_time": "2024-04-02T14:38:37.160712",
        "desc": "Ensure That Microsoft Defender for Azure SQL Databases Is Set To 'On'  ",
        "product_uid": "prowler",
        "title": "Ensure That Microsoft Defender for Azure SQL Databases Is Set To 'On'  ",
        "uid": "prowler-azure-defender_ensure_defender_for_azure_sql_databases_is_on-b0d944f1-bb40-434a-a2da-8fed62716d3c-global-Defender plan Azure SQL DB Servers"
    },
    "resources": [
        {
            "cloud_partition": "AzureCloud",
            "region": "global",
            "group": {
                "name": "defender"
            },
            "labels": [],
            "name": "Defender plan Azure SQL DB Servers",
            "type": "AzureDefenderPlan",
            "uid": "/subscriptions/b0d944f1-bb40-434a-a2da-8fed62716d3c/providers/Microsoft.Security/pricings/SqlServers"
        }
    ],
    "category_name": "Findings",
    "category_uid": 2,
    "class_name": "DetectionFinding",
    "class_uid": 2004,
    "cloud": {
        "account": {
            "name": "Prowler Dev",
            "type": "Azure_AD_Account",
            "type_id": 6,
            "uid": "b0d944f1-bb40-434a-a2da-8fed62716d3c"
        },
        "org": {
            "name": "ProwlerPro.onmicrosoft.com",
            "uid": "f4dffefa-083f-4e9e-91e0-5d1e04f4b72b"
        },
        "provider": "azure",
        "region": "global"
    },
    "event_time": "2024-04-02T14:38:37.160712",
    "remediation": {
        "desc": "By default, Microsoft Defender for Cloud is disabled for all your SQL database servers. Defender for Cloud monitors your SQL database servers for threats such as SQL injection, brute-force attacks, and privilege abuse. The security service provides action-oriented security alerts with details of the suspicious activity and guidance on how to mitigate the security threats.",
        "references": [
            "https://docs.bridgecrew.io/docs/ensure-that-azure-defender-is-set-to-on-for-azure-sql-database-servers#terraform",
            "https://www.trendmicro.com/cloudoneconformity/knowledge-base/azure/SecurityCenter/defender-azure-sql.html",
            "https://www.trendmicro.com/cloudoneconformity/knowledge-base/azure/SecurityCenter/defender-azure-sql.html"
        ]
    },
    "type_uid": 200401,
    "type_name": "Create"
},{
    "metadata": {
        "product": {
            "name": "Prowler",
            "vendor_name": "Prowler",
            "version": "4.0.0"
        },
        "version": "1.1.0"
    },
    "severity_id": 4,
    "severity": "High",
    "status": "New",
    "status_code": "FAIL",
    "status_detail": "Defender plan Defender for Containers from subscription Prowler Dev is set to OFF (pricing tier not standard).",
    "status_id": 1,
    "activity_name": "Create",
    "activity_id": 1,
    "finding_info": {
        "created_time": "2024-04-02T14:38:37.160712",
        "desc": "Ensure That Microsoft Defender for Containers Is Set To 'On' ",
        "product_uid": "prowler",
        "title": "Ensure That Microsoft Defender for Containers Is Set To 'On' ",
        "uid": "prowler-azure-defender_ensure_defender_for_containers_is_on-b0d944f1-bb40-434a-a2da-8fed62716d3c-global-Defender plan Container Registries"
    },
    "resources": [
        {
            "cloud_partition": "AzureCloud",
            "region": "global",
            "group": {
                "name": "defender"
            },
            "labels": [],
            "name": "Defender plan Container Registries",
            "type": "AzureDefenderPlan",
            "uid": "/subscriptions/b0d944f1-bb40-434a-a2da-8fed62716d3c/providers/Microsoft.Security/pricings/Containers"
        }
    ],
    "category_name": "Findings",
    "category_uid": 2,
    "class_name": "DetectionFinding",
    "class_uid": 2004,
    "cloud": {
        "account": {
            "name": "Prowler Dev",
            "type": "Azure_AD_Account",
            "type_id": 6,
            "uid": "b0d944f1-bb40-434a-a2da-8fed62716d3c"
        },
        "org": {
            "name": "ProwlerPro.onmicrosoft.com",
            "uid": "f4dffefa-083f-4e9e-91e0-5d1e04f4b72b"
        },
        "provider": "azure",
        "region": "global"
    },
    "event_time": "2024-04-02T14:38:37.160712",
    "remediation": {
        "desc": "By default, Microsoft Defender for Cloud is not enabled for your Azure cloud containers. Enabling the Defender security service for Azure containers allows for advanced security defense against threats, using threat detection capabilities provided by the Microsoft Security Response Center (MSRC).",
        "references": [
            "https://docs.bridgecrew.io/docs/ensure-that-azure-defender-is-set-to-on-for-container-registries#terraform",
            "https://www.trendmicro.com/cloudoneconformity/knowledge-base/azure/SecurityCenter/defender-container.html",
            "https://www.trendmicro.com/cloudoneconformity/knowledge-base/azure/SecurityCenter/defender-container.html"
        ]
    },
    "type_uid": 200401,
    "type_name": "Create"
},{
    "metadata": {
        "product": {
            "name": "Prowler",
            "vendor_name": "Prowler",
            "version": "4.0.0"
        },
        "version": "1.1.0"
    },
    "severity_id": 4,
    "severity": "High",
    "status": "New",
    "status_code": "FAIL",
    "status_detail": "Defender plan Defender for Cosmos DB from subscription Prowler Dev is set to OFF (pricing tier not standard).",
    "status_id": 1,
    "activity_name": "Create",
    "activity_id": 1,
    "finding_info": {
        "created_time": "2024-04-02T14:38:37.160712",
        "desc": "Ensure That Microsoft Defender for Cosmos DB Is Set To 'On' ",
        "product_uid": "prowler",
        "title": "Ensure That Microsoft Defender for Cosmos DB Is Set To 'On' ",
        "uid": "prowler-azure-defender_ensure_defender_for_cosmosdb_is_on-b0d944f1-bb40-434a-a2da-8fed62716d3c-global-Defender plan Cosmos DB"
    },
    "resources": [
        {
            "cloud_partition": "AzureCloud",
            "region": "global",
            "group": {
                "name": "defender"
            },
            "labels": [],
            "name": "Defender plan Cosmos DB",
            "type": "AzureDefenderPlan",
            "uid": "/subscriptions/b0d944f1-bb40-434a-a2da-8fed62716d3c/providers/Microsoft.Security/pricings/CosmosDbs"
        }
    ],
    "category_name": "Findings",
    "category_uid": 2,
    "class_name": "DetectionFinding",
    "class_uid": 2004,
    "cloud": {
        "account": {
            "name": "Prowler Dev",
            "type": "Azure_AD_Account",
            "type_id": 6,
            "uid": "b0d944f1-bb40-434a-a2da-8fed62716d3c"
        },
        "org": {
            "name": "ProwlerPro.onmicrosoft.com",
            "uid": "f4dffefa-083f-4e9e-91e0-5d1e04f4b72b"
        },
        "provider": "azure",
        "region": "global"
    },
    "event_time": "2024-04-02T14:38:37.160712",
    "remediation": {
        "desc": "By default, Microsoft Defender for Cloud is not enabled for your App Service instances. Enabling the Defender security service for App Service instances allows for advanced security defense using threat detection capabilities provided by Microsoft Security Response Center.",
        "references": [
            "Enable Microsoft Defender for Cosmos DB"
        ]
    },
    "type_uid": 200401,
    "type_name": "Create"
},{
    "metadata": {
        "product": {
            "name": "Prowler",
            "vendor_name": "Prowler",
            "version": "4.0.0"
        },
        "version": "1.1.0"
    },
    "severity_id": 4,
    "severity": "High",
    "status": "New",
    "status_code": "FAIL",
    "status_detail": "Defender plan Defender for Databases from subscription Prowler Dev is set to OFF (pricing tier not standard).",
    "status_id": 1,
    "activity_name": "Create",
    "activity_id": 1,
    "finding_info": {
        "created_time": "2024-04-02T14:38:37.160712",
        "desc": "Ensure That Microsoft Defender for Databases Is Set To 'On' ",
        "product_uid": "prowler",
        "title": "Ensure That Microsoft Defender for Databases Is Set To 'On' ",
        "uid": "prowler-azure-defender_ensure_defender_for_databases_is_on-b0d944f1-bb40-434a-a2da-8fed62716d3c-global-Defender plan Databases"
    },
    "resources": [
        {
            "cloud_partition": "AzureCloud",
            "region": "global",
            "group": {
                "name": "defender"
            },
            "labels": [],
            "name": "Defender plan Databases",
            "type": "AzureDefenderPlan",
            "uid": "/subscriptions/b0d944f1-bb40-434a-a2da-8fed62716d3c/providers/Microsoft.Security/pricings/SqlServers"
        }
    ],
    "category_name": "Findings",
    "category_uid": 2,
    "class_name": "DetectionFinding",
    "class_uid": 2004,
    "cloud": {
        "account": {
            "name": "Prowler Dev",
            "type": "Azure_AD_Account",
            "type_id": 6,
            "uid": "b0d944f1-bb40-434a-a2da-8fed62716d3c"
        },
        "org": {
            "name": "ProwlerPro.onmicrosoft.com",
            "uid": "f4dffefa-083f-4e9e-91e0-5d1e04f4b72b"
        },
        "provider": "azure",
        "region": "global"
    },
    "event_time": "2024-04-02T14:38:37.160712",
    "remediation": {
        "desc": "Enable Microsoft Defender for Azure SQL Databases",
        "references": []
    },
    "type_uid": 200401,
    "type_name": "Create"
},{
    "metadata": {
        "product": {
            "name": "Prowler",
            "vendor_name": "Prowler",
            "version": "4.0.0"
        },
        "version": "1.1.0"
    },
    "severity_id": 4,
    "severity": "High",
    "status": "New",
    "status_code": "FAIL",
    "status_detail": "Defender plan Defender for DNS from subscription Prowler Dev is set to OFF (pricing tier not standard).",
    "status_id": 1,
    "activity_name": "Create",
    "activity_id": 1,
    "finding_info": {
        "created_time": "2024-04-02T14:38:37.160712",
        "desc": "Ensure That Microsoft Defender for DNS Is Set To 'On' ",
        "product_uid": "prowler",
        "title": "Ensure That Microsoft Defender for DNS Is Set To 'On' ",
        "uid": "prowler-azure-defender_ensure_defender_for_dns_is_on-b0d944f1-bb40-434a-a2da-8fed62716d3c-global-Defender plan DNS"
    },
    "resources": [
        {
            "cloud_partition": "AzureCloud",
            "region": "global",
            "group": {
                "name": "defender"
            },
            "labels": [],
            "name": "Defender plan DNS",
            "type": "AzureDefenderPlan",
            "uid": "/subscriptions/b0d944f1-bb40-434a-a2da-8fed62716d3c/providers/Microsoft.Security/pricings/Dns"
        }
    ],
    "category_name": "Findings",
    "category_uid": 2,
    "class_name": "DetectionFinding",
    "class_uid": 2004,
    "cloud": {
        "account": {
            "name": "Prowler Dev",
            "type": "Azure_AD_Account",
            "type_id": 6,
            "uid": "b0d944f1-bb40-434a-a2da-8fed62716d3c"
        },
        "org": {
            "name": "ProwlerPro.onmicrosoft.com",
            "uid": "f4dffefa-083f-4e9e-91e0-5d1e04f4b72b"
        },
        "provider": "azure",
        "region": "global"
    },
    "event_time": "2024-04-02T14:38:37.160712",
    "remediation": {
        "desc": "By default, Microsoft Defender for Cloud is not enabled for your App Service instances. Enabling the Defender security service for App Service instances allows for advanced security defense using threat detection capabilities provided by Microsoft Security Response Center.",
        "references": []
    },
    "type_uid": 200401,
    "type_name": "Create"
},{
    "metadata": {
        "product": {
            "name": "Prowler",
            "vendor_name": "Prowler",
            "version": "4.0.0"
        },
        "version": "1.1.0"
    },
    "severity_id": 4,
    "severity": "High",
    "status": "New",
    "status_code": "FAIL",
    "status_detail": "Defender plan Defender for KeyVaults from subscription Prowler Dev is set to OFF (pricing tier not standard).",
    "status_id": 1,
    "activity_name": "Create",
    "activity_id": 1,
    "finding_info": {
        "created_time": "2024-04-02T14:38:37.160712",
        "desc": "Ensure That Microsoft Defender for KeyVault Is Set To 'On' ",
        "product_uid": "prowler",
        "title": "Ensure That Microsoft Defender for KeyVault Is Set To 'On' ",
        "uid": "prowler-azure-defender_ensure_defender_for_keyvault_is_on-b0d944f1-bb40-434a-a2da-8fed62716d3c-global-Defender plan KeyVaults"
    },
    "resources": [
        {
            "cloud_partition": "AzureCloud",
            "region": "global",
            "group": {
                "name": "defender"
            },
            "labels": [],
            "name": "Defender plan KeyVaults",
            "type": "AzureDefenderPlan",
            "uid": "/subscriptions/b0d944f1-bb40-434a-a2da-8fed62716d3c/providers/Microsoft.Security/pricings/KeyVaults"
        }
    ],
    "category_name": "Findings",
    "category_uid": 2,
    "class_name": "DetectionFinding",
    "class_uid": 2004,
    "cloud": {
        "account": {
            "name": "Prowler Dev",
            "type": "Azure_AD_Account",
            "type_id": 6,
            "uid": "b0d944f1-bb40-434a-a2da-8fed62716d3c"
        },
        "org": {
            "name": "ProwlerPro.onmicrosoft.com",
            "uid": "f4dffefa-083f-4e9e-91e0-5d1e04f4b72b"
        },
        "provider": "azure",
        "region": "global"
    },
    "event_time": "2024-04-02T14:38:37.160712",
    "remediation": {
        "desc": "Ensure that Microsoft Defender for Cloud is enabled for Azure key vaults. Key Vault is the Azure cloud service that safeguards encryption keys and secrets like certificates, connection-based strings, and passwords.",
        "references": [
            "https://docs.bridgecrew.io/docs/ensure-that-azure-defender-is-set-to-on-for-key-vault#terraform",
            "https://www.trendmicro.com/cloudoneconformity/knowledge-base/azure/SecurityCenter/defender-key-vault.html",
            "https://www.trendmicro.com/cloudoneconformity/knowledge-base/azure/SecurityCenter/defender-key-vault.html"
        ]
    },
    "type_uid": 200401,
    "type_name": "Create"
},{
    "metadata": {
        "product": {
            "name": "Prowler",
            "vendor_name": "Prowler",
            "version": "4.0.0"
        },
        "version": "1.1.0"
    },
    "severity_id": 4,
    "severity": "High",
    "status": "New",
    "status_code": "FAIL",
    "status_detail": "Defender plan Defender for Open-Source Relational Databases from subscription Prowler Dev is set to OFF (pricing tier not standard).",
    "status_id": 1,
    "activity_name": "Create",
    "activity_id": 1,
    "finding_info": {
        "created_time": "2024-04-02T14:38:37.160712",
        "desc": "Ensure That Microsoft Defender for Open-Source Relational Databases Is Set To 'On' ",
        "product_uid": "prowler",
        "title": "Ensure That Microsoft Defender for Open-Source Relational Databases Is Set To 'On' ",
        "uid": "prowler-azure-defender_ensure_defender_for_os_relational_databases_is_on-b0d944f1-bb40-434a-a2da-8fed62716d3c-global-Defender plan Open-Source Relational Databases"
    },
    "resources": [
        {
            "cloud_partition": "AzureCloud",
            "region": "global",
            "group": {
                "name": "defender"
            },
            "labels": [],
            "name": "Defender plan Open-Source Relational Databases",
            "type": "AzureDefenderPlan",
            "uid": "/subscriptions/b0d944f1-bb40-434a-a2da-8fed62716d3c/providers/Microsoft.Security/pricings/OpenSourceRelationalDatabases"
        }
    ],
    "category_name": "Findings",
    "category_uid": 2,
    "class_name": "DetectionFinding",
    "class_uid": 2004,
    "cloud": {
        "account": {
            "name": "Prowler Dev",
            "type": "Azure_AD_Account",
            "type_id": 6,
            "uid": "b0d944f1-bb40-434a-a2da-8fed62716d3c"
        },
        "org": {
            "name": "ProwlerPro.onmicrosoft.com",
            "uid": "f4dffefa-083f-4e9e-91e0-5d1e04f4b72b"
        },
        "provider": "azure",
        "region": "global"
    },
    "event_time": "2024-04-02T14:38:37.160712",
    "remediation": {
        "desc": "Enabling Microsoft Defender for Open-source relational databases allows for greater defense-in-depth, with threat detection provided by the Microsoft Security Response Center (MSRC).",
        "references": []
    },
    "type_uid": 200401,
    "type_name": "Create"
},{
    "metadata": {
        "product": {
            "name": "Prowler",
            "vendor_name": "Prowler",
            "version": "4.0.0"
        },
        "version": "1.1.0"
    },
    "severity_id": 4,
    "severity": "High",
    "status": "New",
    "status_code": "FAIL",
    "status_detail": "Defender plan Defender for Servers from subscription Prowler Dev is set to OFF (pricing tier not standard).",
    "status_id": 1,
    "activity_name": "Create",
    "activity_id": 1,
    "finding_info": {
        "created_time": "2024-04-02T14:38:37.160712",
        "desc": "Ensure That Microsoft Defender for Servers Is Set to 'On'",
        "product_uid": "prowler",
        "title": "Ensure That Microsoft Defender for Servers Is Set to 'On'",
        "uid": "prowler-azure-defender_ensure_defender_for_server_is_on-b0d944f1-bb40-434a-a2da-8fed62716d3c-global-Defender plan Servers"
    },
    "resources": [
        {
            "cloud_partition": "AzureCloud",
            "region": "global",
            "group": {
                "name": "defender"
            },
            "labels": [],
            "name": "Defender plan Servers",
            "type": "AzureDefenderPlan",
            "uid": "/subscriptions/b0d944f1-bb40-434a-a2da-8fed62716d3c/providers/Microsoft.Security/pricings/VirtualMachines"
        }
    ],
    "category_name": "Findings",
    "category_uid": 2,
    "class_name": "DetectionFinding",
    "class_uid": 2004,
    "cloud": {
        "account": {
            "name": "Prowler Dev",
            "type": "Azure_AD_Account",
            "type_id": 6,
            "uid": "b0d944f1-bb40-434a-a2da-8fed62716d3c"
        },
        "org": {
            "name": "ProwlerPro.onmicrosoft.com",
            "uid": "f4dffefa-083f-4e9e-91e0-5d1e04f4b72b"
        },
        "provider": "azure",
        "region": "global"
    },
    "event_time": "2024-04-02T14:38:37.160712",
    "remediation": {
        "desc": "Enabling Microsoft Defender for Cloud standard pricing tier allows for better security assessment with threat detection provided by the Microsoft Security Response Center (MSRC), advanced security policies, adaptive application control, network threat detection, and regulatory compliance management.",
        "references": [
            "https://docs.bridgecrew.io/docs/ensure-that-azure-defender-is-set-to-on-for-servers#terraform",
            "https://www.trendmicro.com/cloudoneconformity/knowledge-base/azure/SecurityCenter/microsoft-defender-vm-server.html",
            "https://www.trendmicro.com/cloudoneconformity/knowledge-base/azure/SecurityCenter/microsoft-defender-vm-server.html"
        ]
    },
    "type_uid": 200401,
    "type_name": "Create"
},{
    "metadata": {
        "product": {
            "name": "Prowler",
            "vendor_name": "Prowler",
            "version": "4.0.0"
        },
        "version": "1.1.0"
    },
    "severity_id": 4,
    "severity": "High",
    "status": "New",
    "status_code": "FAIL",
    "status_detail": "Defender plan Defender for SQL Server VMs from subscription Prowler Dev is set to OFF (pricing tier not standard).",
    "status_id": 1,
    "activity_name": "Create",
    "activity_id": 1,
    "finding_info": {
        "created_time": "2024-04-02T14:38:37.160712",
        "desc": "Ensure That Microsoft Defender for SQL Servers on Machines Is Set To 'On' ",
        "product_uid": "prowler",
        "title": "Ensure That Microsoft Defender for SQL Servers on Machines Is Set To 'On' ",
        "uid": "prowler-azure-defender_ensure_defender_for_sql_servers_is_on-b0d944f1-bb40-434a-a2da-8fed62716d3c-global-Defender plan SQL Server VMs"
    },
    "resources": [
        {
            "cloud_partition": "AzureCloud",
            "region": "global",
            "group": {
                "name": "defender"
            },
            "labels": [],
            "name": "Defender plan SQL Server VMs",
            "type": "AzureDefenderPlan",
            "uid": "/subscriptions/b0d944f1-bb40-434a-a2da-8fed62716d3c/providers/Microsoft.Security/pricings/SqlServerVirtualMachines"
        }
    ],
    "category_name": "Findings",
    "category_uid": 2,
    "class_name": "DetectionFinding",
    "class_uid": 2004,
    "cloud": {
        "account": {
            "name": "Prowler Dev",
            "type": "Azure_AD_Account",
            "type_id": 6,
            "uid": "b0d944f1-bb40-434a-a2da-8fed62716d3c"
        },
        "org": {
            "name": "ProwlerPro.onmicrosoft.com",
            "uid": "f4dffefa-083f-4e9e-91e0-5d1e04f4b72b"
        },
        "provider": "azure",
        "region": "global"
    },
    "event_time": "2024-04-02T14:38:37.160712",
    "remediation": {
        "desc": "By default, Microsoft Defender for Cloud is disabled for the Microsoft SQL servers running on virtual machines. Defender for Cloud for SQL Server virtual machines continuously monitors your SQL database servers for threats such as SQL injection, brute-force attacks, and privilege abuse. The security service provides security alerts together with details of the suspicious activity and guidance on how to mitigate to the security threats.",
        "references": [
            "https://docs.bridgecrew.io/docs/ensure-that-azure-defender-is-set-to-on-for-sql-servers-on-machines#terraform",
            "https://www.trendmicro.com/cloudoneconformity/knowledge-base/azure/SecurityCenter/defender-sql-server-virtual-machines.html",
            "https://www.trendmicro.com/cloudoneconformity/knowledge-base/azure/SecurityCenter/defender-sql-server-virtual-machines.html"
        ]
    },
    "type_uid": 200401,
    "type_name": "Create"
},{
    "metadata": {
        "product": {
            "name": "Prowler",
            "vendor_name": "Prowler",
            "version": "4.0.0"
        },
        "version": "1.1.0"
    },
    "severity_id": 4,
    "severity": "High",
    "status": "New",
    "status_code": "FAIL",
    "status_detail": "Defender plan Defender for Storage Accounts from subscription Prowler Dev is set to OFF (pricing tier not standard).",
    "status_id": 1,
    "activity_name": "Create",
    "activity_id": 1,
    "finding_info": {
        "created_time": "2024-04-02T14:38:37.160712",
        "desc": "Ensure That Microsoft Defender for Storage Is Set To 'On' ",
        "product_uid": "prowler",
        "title": "Ensure That Microsoft Defender for Storage Is Set To 'On' ",
        "uid": "prowler-azure-defender_ensure_defender_for_storage_is_on-b0d944f1-bb40-434a-a2da-8fed62716d3c-global-Defender plan Storage Accounts"
    },
    "resources": [
        {
            "cloud_partition": "AzureCloud",
            "region": "global",
            "group": {
                "name": "defender"
            },
            "labels": [],
            "name": "Defender plan Storage Accounts",
            "type": "AzureDefenderPlan",
            "uid": "/subscriptions/b0d944f1-bb40-434a-a2da-8fed62716d3c/providers/Microsoft.Security/pricings/StorageAccounts"
        }
    ],
    "category_name": "Findings",
    "category_uid": 2,
    "class_name": "DetectionFinding",
    "class_uid": 2004,
    "cloud": {
        "account": {
            "name": "Prowler Dev",
            "type": "Azure_AD_Account",
            "type_id": 6,
            "uid": "b0d944f1-bb40-434a-a2da-8fed62716d3c"
        },
        "org": {
            "name": "ProwlerPro.onmicrosoft.com",
            "uid": "f4dffefa-083f-4e9e-91e0-5d1e04f4b72b"
        },
        "provider": "azure",
        "region": "global"
    },
    "event_time": "2024-04-02T14:38:37.160712",
    "remediation": {
        "desc": "By default, Microsoft Defender for Cloud is disabled for your storage accounts. Enabling the Defender security service for Azure storage accounts allows for advanced security defense using threat detection capabilities provided by the Microsoft Security Response Center (MSRC). MSRC investigates all reports of security vulnerabilities affecting Microsoft products and services, including Azure cloud services.",
        "references": [
            "https://docs.bridgecrew.io/docs/ensure-that-azure-defender-is-set-to-on-for-storage#terraform",
            "https://www.trendmicro.com/cloudoneconformity/knowledge-base/azure/SecurityCenter/defender-storage.html",
            "https://www.trendmicro.com/cloudoneconformity/knowledge-base/azure/SecurityCenter/defender-storage.html"
        ]
    },
    "type_uid": 200401,
    "type_name": "Create"
},{
    "metadata": {
        "product": {
            "name": "Prowler",
            "vendor_name": "Prowler",
            "version": "4.0.0"
        },
        "version": "1.1.0"
    },
    "severity_id": 4,
    "severity": "High",
    "status": "New",
    "status_code": "FAIL",
    "status_detail": "No IoT Security Solutions found in the subscription Prowler Dev.",
    "status_id": 1,
    "activity_name": "Create",
    "activity_id": 1,
    "finding_info": {
        "created_time": "2024-04-02T14:38:37.160712",
        "desc": "Microsoft Defender for IoT acts as a central security hub for IoT devices within your organization.",
        "product_uid": "prowler",
        "title": "Ensure That Microsoft Defender for IoT Hub Is Set To 'On'",
        "uid": "prowler-azure-defender_ensure_iot_hub_defender_is_on-b0d944f1-bb40-434a-a2da-8fed62716d3c-global-IoT Hub Defender"
    },
    "resources": [
        {
            "cloud_partition": "AzureCloud",
            "region": "global",
            "group": {
                "name": "defender"
            },
            "labels": [],
            "name": "IoT Hub Defender",
            "type": "DefenderIoT",
            "uid": "IoT Hub Defender"
        }
    ],
    "category_name": "Findings",
    "category_uid": 2,
    "class_name": "DetectionFinding",
    "class_uid": 2004,
    "cloud": {
        "account": {
            "name": "Prowler Dev",
            "type": "Azure_AD_Account",
            "type_id": 6,
            "uid": "b0d944f1-bb40-434a-a2da-8fed62716d3c"
        },
        "org": {
            "name": "ProwlerPro.onmicrosoft.com",
            "uid": "f4dffefa-083f-4e9e-91e0-5d1e04f4b72b"
        },
        "provider": "azure",
        "region": "global"
    },
    "event_time": "2024-04-02T14:38:37.160712",
    "remediation": {
        "desc": "1. Go to IoT Hub. 2. Select a IoT Hub to validate. 3. Select Overview in Defender for IoT. 4. Click on Secure your IoT solution, and complete the onboarding.",
        "references": [
            "https://learn.microsoft.com/en-us/azure/defender-for-iot/device-builders/quickstart-onboard-iot-hub"
        ]
    },
    "type_uid": 200401,
    "type_name": "Create"
},{
    "metadata": {
        "product": {
            "name": "Prowler",
            "vendor_name": "Prowler",
            "version": "4.0.0"
        },
        "version": "1.1.0"
    },
    "severity_id": 3,
    "severity": "Medium",
    "status": "Other",
    "status_code": "PASS",
    "status_detail": "Microsoft Defender for Cloud Apps is enabled for subscription Prowler Dev.",
    "status_id": 99,
    "activity_name": "Create",
    "activity_id": 1,
    "finding_info": {
        "created_time": "2024-04-02T14:38:37.160712",
        "desc": "This integration setting enables Microsoft Defender for Cloud Apps (formerly 'Microsoft Cloud App Security' or 'MCAS' - see additional info) to communicate with Microsoft Defender for Cloud.",
        "product_uid": "prowler",
        "title": "Ensure that Microsoft Defender for Cloud Apps integration with Microsoft Defender for Cloud is Selected",
        "uid": "prowler-azure-defender_ensure_mcas_is_enabled-b0d944f1-bb40-434a-a2da-8fed62716d3c-global-MCAS"
    },
    "resources": [
        {
            "cloud_partition": "AzureCloud",
            "region": "global",
            "group": {
                "name": "defender"
            },
            "labels": [],
            "name": "MCAS",
            "type": "DefenderSettings",
            "uid": "/subscriptions/b0d944f1-bb40-434a-a2da-8fed62716d3c/providers/Microsoft.Security/settings/MCAS"
        }
    ],
    "category_name": "Findings",
    "category_uid": 2,
    "class_name": "DetectionFinding",
    "class_uid": 2004,
    "cloud": {
        "account": {
            "name": "Prowler Dev",
            "type": "Azure_AD_Account",
            "type_id": 6,
            "uid": "b0d944f1-bb40-434a-a2da-8fed62716d3c"
        },
        "org": {
            "name": "ProwlerPro.onmicrosoft.com",
            "uid": "f4dffefa-083f-4e9e-91e0-5d1e04f4b72b"
        },
        "provider": "azure",
        "region": "global"
    },
    "event_time": "2024-04-02T14:38:37.160712",
    "remediation": {
        "desc": "1. From Azure Home select the Portal Menu. 2. Select Microsoft Defender for Cloud. 3. Select Environment Settings blade. 4. Select the subscription. 5. Check App Service Defender Plan to On. 6. Select Save.",
        "references": [
            "https://www.trendmicro.com/cloudoneconformity/knowledge-base/azure/SecurityCenter/defender-cloud-apps-integration.html#",
            "https://docs.microsoft.com/en-us/rest/api/securitycenter/settings/list"
        ]
    },
    "type_uid": 200401,
    "type_name": "Create"
},{
    "metadata": {
        "product": {
            "name": "Prowler",
            "vendor_name": "Prowler",
            "version": "4.0.0"
        },
        "version": "1.1.0"
    },
    "severity_id": 4,
    "severity": "High",
    "status": "Other",
    "status_code": "PASS",
    "status_detail": "Notifiy alerts are enabled for severity high in susbscription Prowler Dev.",
    "status_id": 99,
    "activity_name": "Create",
    "activity_id": 1,
    "finding_info": {
        "created_time": "2024-04-02T14:38:37.160712",
        "desc": "Microsoft Defender for Cloud emails the subscription owners whenever a high-severity alert is triggered for their subscription. You should provide a security contact email address as an additional email address.",
        "product_uid": "prowler",
        "title": "Ensure That 'Notify about alerts with the following severity' is Set to 'High'",
        "uid": "prowler-azure-defender_ensure_notify_alerts_severity_is_high-b0d944f1-bb40-434a-a2da-8fed62716d3c-global-default"
    },
    "resources": [
        {
            "cloud_partition": "AzureCloud",
            "region": "global",
            "group": {
                "name": "defender"
            },
            "labels": [],
            "name": "default",
            "type": "AzureEmailNotifications",
            "uid": "/subscriptions/b0d944f1-bb40-434a-a2da-8fed62716d3c/providers/Microsoft.Security/securityContacts/default"
        }
    ],
    "category_name": "Findings",
    "category_uid": 2,
    "class_name": "DetectionFinding",
    "class_uid": 2004,
    "cloud": {
        "account": {
            "name": "Prowler Dev",
            "type": "Azure_AD_Account",
            "type_id": 6,
            "uid": "b0d944f1-bb40-434a-a2da-8fed62716d3c"
        },
        "org": {
            "name": "ProwlerPro.onmicrosoft.com",
            "uid": "f4dffefa-083f-4e9e-91e0-5d1e04f4b72b"
        },
        "provider": "azure",
        "region": "global"
    },
    "event_time": "2024-04-02T14:38:37.160712",
    "remediation": {
        "desc": "1. From Azure Home select the Portal Menu 2. Select Microsoft Defender for Cloud 3. Click on Environment Settings 4. Click on the appropriate Management Group, Subscription, or Workspace 5. Click on Email notifications 6. Enter a valid security contact email address (or multiple addresses separated by commas) in the Additional email addresses field 7. Click Save",
        "references": [
            "https://docs.bridgecrew.io/docs/bc_azr_general_4#terraform",
            "https://www.trendmicro.com/cloudoneconformity/knowledge-base/azure/SecurityCenter/enable-high-severity-email-notifications.html",
            "https://docs.microsoft.com/en-us/rest/api/securitycenter/securitycontacts/list"
        ]
    },
    "type_uid": 200401,
    "type_name": "Create"
},{
    "metadata": {
        "product": {
            "name": "Prowler",
            "vendor_name": "Prowler",
            "version": "4.0.0"
        },
        "version": "1.1.0"
    },
    "severity_id": 3,
    "severity": "Medium",
    "status": "Other",
    "status_code": "PASS",
    "status_detail": "The Owner role is notified for subscription Prowler Dev.",
    "status_id": 99,
    "activity_name": "Create",
    "activity_id": 1,
    "finding_info": {
        "created_time": "2024-04-02T14:38:37.160712",
        "desc": "Enable security alert emails to subscription owners.",
        "product_uid": "prowler",
        "title": "Ensure That 'All users with the following roles' is set to 'Owner'",
        "uid": "prowler-azure-defender_ensure_notify_emails_to_owners-b0d944f1-bb40-434a-a2da-8fed62716d3c-global-default"
    },
    "resources": [
        {
            "cloud_partition": "AzureCloud",
            "region": "global",
            "group": {
                "name": "defender"
            },
            "labels": [],
            "name": "default",
            "type": "AzureEmailNotifications",
            "uid": "/subscriptions/b0d944f1-bb40-434a-a2da-8fed62716d3c/providers/Microsoft.Security/securityContacts/default"
        }
    ],
    "category_name": "Findings",
    "category_uid": 2,
    "class_name": "DetectionFinding",
    "class_uid": 2004,
    "cloud": {
        "account": {
            "name": "Prowler Dev",
            "type": "Azure_AD_Account",
            "type_id": 6,
            "uid": "b0d944f1-bb40-434a-a2da-8fed62716d3c"
        },
        "org": {
            "name": "ProwlerPro.onmicrosoft.com",
            "uid": "f4dffefa-083f-4e9e-91e0-5d1e04f4b72b"
        },
        "provider": "azure",
        "region": "global"
    },
    "event_time": "2024-04-02T14:38:37.160712",
    "remediation": {
        "desc": "1. From Azure Home select the Portal Menu 2. Select Microsoft Defender for Cloud 3. Click on Environment Settings 4. Click on the appropriate Management Group, Subscription, or Workspace 5. Click on Email notifications 6. In the drop down of the All users with the following roles field select Owner 7. Click Save",
        "references": [
            "https://www.trendmicro.com/cloudoneconformity/knowledge-base/azure/SecurityCenter/email-to-subscription-owners.html",
            "https://docs.microsoft.com/en-us/rest/api/securitycenter/securitycontacts/list"
        ]
    },
    "type_uid": 200401,
    "type_name": "Create"
},{
    "metadata": {
        "product": {
            "name": "Prowler",
            "vendor_name": "Prowler",
            "version": "4.0.0"
        },
        "version": "1.1.0"
    },
    "severity_id": 3,
    "severity": "Medium",
    "status": "Other",
    "status_code": "PASS",
    "status_detail": "Microsoft Defender for Endpoint integration is enabled for subscription Prowler Dev.",
    "status_id": 99,
    "activity_name": "Create",
    "activity_id": 1,
    "finding_info": {
        "created_time": "2024-04-02T14:38:37.160712",
        "desc": "This integration setting enables Microsoft Defender for Endpoint (formerly 'Advanced Threat Protection' or 'ATP' or 'WDATP' - see additional info) to communicate with Microsoft Defender for Cloud.",
        "product_uid": "prowler",
        "title": "Ensure that Microsoft Defender for Endpoint integration with Microsoft Defender for Cloud is selected",
        "uid": "prowler-azure-defender_ensure_wdatp_is_enabled-b0d944f1-bb40-434a-a2da-8fed62716d3c-global-WDATP"
    },
    "resources": [
        {
            "cloud_partition": "AzureCloud",
            "region": "global",
            "group": {
                "name": "defender"
            },
            "labels": [],
            "name": "WDATP",
            "type": "DefenderSettings",
            "uid": "/subscriptions/b0d944f1-bb40-434a-a2da-8fed62716d3c/providers/Microsoft.Security/settings/WDATP"
        }
    ],
    "category_name": "Findings",
    "category_uid": 2,
    "class_name": "DetectionFinding",
    "class_uid": 2004,
    "cloud": {
        "account": {
            "name": "Prowler Dev",
            "type": "Azure_AD_Account",
            "type_id": 6,
            "uid": "b0d944f1-bb40-434a-a2da-8fed62716d3c"
        },
        "org": {
            "name": "ProwlerPro.onmicrosoft.com",
            "uid": "f4dffefa-083f-4e9e-91e0-5d1e04f4b72b"
        },
        "provider": "azure",
        "region": "global"
    },
    "event_time": "2024-04-02T14:38:37.160712",
    "remediation": {
        "desc": "",
        "references": [
            "https://www.trendmicro.com/cloudoneconformity/knowledge-base/azure/SecurityCenter/defender-endpoint-integration.html",
            "https://learn.microsoft.com/en-us/microsoft-365/security/defender-endpoint/azure-server-integration?view=o365-worldwide"
        ]
    },
    "type_uid": 200401,
    "type_name": "Create"
}]