PROVIDER;DESCRIPTION;ACCOUNTID;REGION;ASSESSMENTDATE;REQUIREMENTS_ID;REQUIREMENTS_DESCRIPTION;REQUIREMENTS_ATTRIBUTES_SECTION;REQUIREMENTS_ATTRIBUTES_SUBSECTION;REQUIREMENTS_ATTRIBUTES_SUBGROUP;REQUIREMENTS_ATTRIBUTES_SERVICE;REQUIREMENTS_ATTRIBUTES_TYPE;STATUS;STATUSEXTENDED;RESOURCEID;CHECKID;MUTED
aws;AWS Control Tower is a management and governance service that you can use to navigate through the setup process and governance requirements that are involved in creating a multi-account AWS environment.;160246625885;;2024-04-12T10:44:19.807178;1.0.1;Checks whether EBS optimization is enabled for your EC2 instances that can be EBS-optimized;EBS checks;;;ebs;;MANUAL;Manual check;manual_check;manual_check;False
aws;AWS Control Tower is a management and governance service that you can use to navigate through the setup process and governance requirements that are involved in creating a multi-account AWS environment.;160246625885;;2024-04-12T10:44:19.807178;1.0.2;Checks whether EBS volumes are attached to EC2 instances;EBS checks;;;ebs;;MANUAL;Manual check;manual_check;manual_check;False
aws;AWS Control Tower is a management and governance service that you can use to navigate through the setup process and governance requirements that are involved in creating a multi-account AWS environment.;160246625885;us-east-1;2024-04-12T10:44:19.807178;3.0.3;Checks whether the root user of your AWS account requires multi-factor authentication for console sign-in.;Multi-Factor Authentication;;;iam;;PASS;MFA is enabled for root account.;<root_account>;iam_root_mfa_enabled;False
aws;AWS Control Tower is a management and governance service that you can use to navigate through the setup process and governance requirements that are involved in creating a multi-account AWS environment.;160246625885;us-east-1;2024-04-12T10:44:19.807178;3.0.1;Checks whether the AWS Identity and Access Management users have multi-factor authentication (MFA) enabled.;Multi-Factor Authentication;;;iam;;PASS;User consola does not have Console Password enabled.;consola;iam_user_mfa_enabled_console_access;False
aws;AWS Control Tower is a management and governance service that you can use to navigate through the setup process and governance requirements that are involved in creating a multi-account AWS environment.;160246625885;us-east-1;2024-04-12T10:44:19.807178;3.0.2;Checks whether AWS Multi-Factor Authentication (MFA) is enabled for all AWS Identity and Access Management (IAM) users that use a console password.;Multi-Factor Authentication;;;iam;;PASS;User consola does not have Console Password enabled.;consola;iam_user_mfa_enabled_console_access;False
aws;AWS Control Tower is a management and governance service that you can use to navigate through the setup process and governance requirements that are involved in creating a multi-account AWS environment.;160246625885;us-east-1;2024-04-12T10:44:19.807178;3.0.1;Checks whether the AWS Identity and Access Management users have multi-factor authentication (MFA) enabled.;Multi-Factor Authentication;;;iam;;PASS;User pedromarting3 does not have Console Password enabled.;pedromarting3;iam_user_mfa_enabled_console_access;False
aws;AWS Control Tower is a management and governance service that you can use to navigate through the setup process and governance requirements that are involved in creating a multi-account AWS environment.;160246625885;us-east-1;2024-04-12T10:44:19.807178;3.0.2;Checks whether AWS Multi-Factor Authentication (MFA) is enabled for all AWS Identity and Access Management (IAM) users that use a console password.;Multi-Factor Authentication;;;iam;;PASS;User pedromarting3 does not have Console Password enabled.;pedromarting3;iam_user_mfa_enabled_console_access;False
aws;AWS Control Tower is a management and governance service that you can use to navigate through the setup process and governance requirements that are involved in creating a multi-account AWS environment.;160246625885;us-east-1;2024-04-12T10:44:19.807178;3.0.1;Checks whether the AWS Identity and Access Management users have multi-factor authentication (MFA) enabled.;Multi-Factor Authentication;;;iam;;PASS;User pedroot has Console Password enabled and MFA enabled.;pedroot;iam_user_mfa_enabled_console_access;False
aws;AWS Control Tower is a management and governance service that you can use to navigate through the setup process and governance requirements that are involved in creating a multi-account AWS environment.;160246625885;us-east-1;2024-04-12T10:44:19.807178;3.0.2;Checks whether AWS Multi-Factor Authentication (MFA) is enabled for all AWS Identity and Access Management (IAM) users that use a console password.;Multi-Factor Authentication;;;iam;;PASS;User pedroot has Console Password enabled and MFA enabled.;pedroot;iam_user_mfa_enabled_console_access;False
