PROVIDER;DESCRIPTION;ACCOUNTID;REGION;ASSESSMENTDATE;REQUIREMENTS_ID;REQUIREMENTS_DESCRIPTION;REQUIREMENTS_ATTRIBUTES_SECTION;REQUIREMENTS_ATTRIBUTES_SUBSECTION;REQUIREMENTS_ATTRIBUTES_SUBGROUP;REQUIREMENTS_ATTRIBUTES_SERVICE;REQUIREMENTS_ATTRIBUTES_TYPE;STATUS;STATUSEXTENDED;RESOURCEID;CHECKID;MUTED
aws;The Reserve Bank had prescribed a set of baseline cyber security controls for primary (Urban) cooperative banks (UCBs) in October 2018. On further examination, it has been decided to prescribe a comprehensive cyber security framework for the UCBs, as a graded approach, based on their digital depth and interconnectedness with the payment systems landscape, digital products offered by them and assessment of cyber security risk. The framework would mandate implementation of progressively stronger security measures based on the nature, variety and scale of digital product offerings of banks.;160246625885;ap-northeast-1;2024-04-12T10:44:19.807178;annex_i_7_4;Implement appropriate (e.g. centralised) systems and controls to allow, manage, log and monitor privileged/super user/administrative access to critical systems (servers/databases, applications, network devices etc.);;;;aws;;FAIL;No CloudTrail trails enabled and logging were found.;160246625885;cloudtrail_multi_region_enabled;False
aws;The Reserve Bank had prescribed a set of baseline cyber security controls for primary (Urban) cooperative banks (UCBs) in October 2018. On further examination, it has been decided to prescribe a comprehensive cyber security framework for the UCBs, as a graded approach, based on their digital depth and interconnectedness with the payment systems landscape, digital products offered by them and assessment of cyber security risk. The framework would mandate implementation of progressively stronger security measures based on the nature, variety and scale of digital product offerings of banks.;160246625885;ap-northeast-2;2024-04-12T10:44:19.807178;annex_i_7_4;Implement appropriate (e.g. centralised) systems and controls to allow, manage, log and monitor privileged/super user/administrative access to critical systems (servers/databases, applications, network devices etc.);;;;aws;;FAIL;No CloudTrail trails enabled and logging were found.;160246625885;cloudtrail_multi_region_enabled;False
aws;The Reserve Bank had prescribed a set of baseline cyber security controls for primary (Urban) cooperative banks (UCBs) in October 2018. On further examination, it has been decided to prescribe a comprehensive cyber security framework for the UCBs, as a graded approach, based on their digital depth and interconnectedness with the payment systems landscape, digital products offered by them and assessment of cyber security risk. The framework would mandate implementation of progressively stronger security measures based on the nature, variety and scale of digital product offerings of banks.;160246625885;ap-northeast-3;2024-04-12T10:44:19.807178;annex_i_7_4;Implement appropriate (e.g. centralised) systems and controls to allow, manage, log and monitor privileged/super user/administrative access to critical systems (servers/databases, applications, network devices etc.);;;;aws;;FAIL;No CloudTrail trails enabled and logging were found.;160246625885;cloudtrail_multi_region_enabled;False
aws;The Reserve Bank had prescribed a set of baseline cyber security controls for primary (Urban) cooperative banks (UCBs) in October 2018. On further examination, it has been decided to prescribe a comprehensive cyber security framework for the UCBs, as a graded approach, based on their digital depth and interconnectedness with the payment systems landscape, digital products offered by them and assessment of cyber security risk. The framework would mandate implementation of progressively stronger security measures based on the nature, variety and scale of digital product offerings of banks.;160246625885;ap-south-1;2024-04-12T10:44:19.807178;annex_i_7_4;Implement appropriate (e.g. centralised) systems and controls to allow, manage, log and monitor privileged/super user/administrative access to critical systems (servers/databases, applications, network devices etc.);;;;aws;;FAIL;No CloudTrail trails enabled and logging were found.;160246625885;cloudtrail_multi_region_enabled;False
aws;The Reserve Bank had prescribed a set of baseline cyber security controls for primary (Urban) cooperative banks (UCBs) in October 2018. On further examination, it has been decided to prescribe a comprehensive cyber security framework for the UCBs, as a graded approach, based on their digital depth and interconnectedness with the payment systems landscape, digital products offered by them and assessment of cyber security risk. The framework would mandate implementation of progressively stronger security measures based on the nature, variety and scale of digital product offerings of banks.;160246625885;ap-southeast-1;2024-04-12T10:44:19.807178;annex_i_7_4;Implement appropriate (e.g. centralised) systems and controls to allow, manage, log and monitor privileged/super user/administrative access to critical systems (servers/databases, applications, network devices etc.);;;;aws;;FAIL;No CloudTrail trails enabled and logging were found.;160246625885;cloudtrail_multi_region_enabled;False
aws;The Reserve Bank had prescribed a set of baseline cyber security controls for primary (Urban) cooperative banks (UCBs) in October 2018. On further examination, it has been decided to prescribe a comprehensive cyber security framework for the UCBs, as a graded approach, based on their digital depth and interconnectedness with the payment systems landscape, digital products offered by them and assessment of cyber security risk. The framework would mandate implementation of progressively stronger security measures based on the nature, variety and scale of digital product offerings of banks.;160246625885;ap-southeast-2;2024-04-12T10:44:19.807178;annex_i_7_4;Implement appropriate (e.g. centralised) systems and controls to allow, manage, log and monitor privileged/super user/administrative access to critical systems (servers/databases, applications, network devices etc.);;;;aws;;FAIL;No CloudTrail trails enabled and logging were found.;160246625885;cloudtrail_multi_region_enabled;False
aws;The Reserve Bank had prescribed a set of baseline cyber security controls for primary (Urban) cooperative banks (UCBs) in October 2018. On further examination, it has been decided to prescribe a comprehensive cyber security framework for the UCBs, as a graded approach, based on their digital depth and interconnectedness with the payment systems landscape, digital products offered by them and assessment of cyber security risk. The framework would mandate implementation of progressively stronger security measures based on the nature, variety and scale of digital product offerings of banks.;160246625885;ca-central-1;2024-04-12T10:44:19.807178;annex_i_7_4;Implement appropriate (e.g. centralised) systems and controls to allow, manage, log and monitor privileged/super user/administrative access to critical systems (servers/databases, applications, network devices etc.);;;;aws;;FAIL;No CloudTrail trails enabled and logging were found.;160246625885;cloudtrail_multi_region_enabled;False
aws;The Reserve Bank had prescribed a set of baseline cyber security controls for primary (Urban) cooperative banks (UCBs) in October 2018. On further examination, it has been decided to prescribe a comprehensive cyber security framework for the UCBs, as a graded approach, based on their digital depth and interconnectedness with the payment systems landscape, digital products offered by them and assessment of cyber security risk. The framework would mandate implementation of progressively stronger security measures based on the nature, variety and scale of digital product offerings of banks.;160246625885;eu-central-1;2024-04-12T10:44:19.807178;annex_i_7_4;Implement appropriate (e.g. centralised) systems and controls to allow, manage, log and monitor privileged/super user/administrative access to critical systems (servers/databases, applications, network devices etc.);;;;aws;;FAIL;No CloudTrail trails enabled and logging were found.;160246625885;cloudtrail_multi_region_enabled;False
aws;The Reserve Bank had prescribed a set of baseline cyber security controls for primary (Urban) cooperative banks (UCBs) in October 2018. On further examination, it has been decided to prescribe a comprehensive cyber security framework for the UCBs, as a graded approach, based on their digital depth and interconnectedness with the payment systems landscape, digital products offered by them and assessment of cyber security risk. The framework would mandate implementation of progressively stronger security measures based on the nature, variety and scale of digital product offerings of banks.;160246625885;eu-north-1;2024-04-12T10:44:19.807178;annex_i_7_4;Implement appropriate (e.g. centralised) systems and controls to allow, manage, log and monitor privileged/super user/administrative access to critical systems (servers/databases, applications, network devices etc.);;;;aws;;FAIL;No CloudTrail trails enabled and logging were found.;160246625885;cloudtrail_multi_region_enabled;False
aws;The Reserve Bank had prescribed a set of baseline cyber security controls for primary (Urban) cooperative banks (UCBs) in October 2018. On further examination, it has been decided to prescribe a comprehensive cyber security framework for the UCBs, as a graded approach, based on their digital depth and interconnectedness with the payment systems landscape, digital products offered by them and assessment of cyber security risk. The framework would mandate implementation of progressively stronger security measures based on the nature, variety and scale of digital product offerings of banks.;160246625885;eu-west-1;2024-04-12T10:44:19.807178;annex_i_7_4;Implement appropriate (e.g. centralised) systems and controls to allow, manage, log and monitor privileged/super user/administrative access to critical systems (servers/databases, applications, network devices etc.);;;;aws;;FAIL;No CloudTrail trails enabled and logging were found.;160246625885;cloudtrail_multi_region_enabled;False
aws;The Reserve Bank had prescribed a set of baseline cyber security controls for primary (Urban) cooperative banks (UCBs) in October 2018. On further examination, it has been decided to prescribe a comprehensive cyber security framework for the UCBs, as a graded approach, based on their digital depth and interconnectedness with the payment systems landscape, digital products offered by them and assessment of cyber security risk. The framework would mandate implementation of progressively stronger security measures based on the nature, variety and scale of digital product offerings of banks.;160246625885;eu-west-2;2024-04-12T10:44:19.807178;annex_i_7_4;Implement appropriate (e.g. centralised) systems and controls to allow, manage, log and monitor privileged/super user/administrative access to critical systems (servers/databases, applications, network devices etc.);;;;aws;;FAIL;No CloudTrail trails enabled and logging were found.;160246625885;cloudtrail_multi_region_enabled;False
aws;The Reserve Bank had prescribed a set of baseline cyber security controls for primary (Urban) cooperative banks (UCBs) in October 2018. On further examination, it has been decided to prescribe a comprehensive cyber security framework for the UCBs, as a graded approach, based on their digital depth and interconnectedness with the payment systems landscape, digital products offered by them and assessment of cyber security risk. The framework would mandate implementation of progressively stronger security measures based on the nature, variety and scale of digital product offerings of banks.;160246625885;eu-west-3;2024-04-12T10:44:19.807178;annex_i_7_4;Implement appropriate (e.g. centralised) systems and controls to allow, manage, log and monitor privileged/super user/administrative access to critical systems (servers/databases, applications, network devices etc.);;;;aws;;FAIL;No CloudTrail trails enabled and logging were found.;160246625885;cloudtrail_multi_region_enabled;False
aws;The Reserve Bank had prescribed a set of baseline cyber security controls for primary (Urban) cooperative banks (UCBs) in October 2018. On further examination, it has been decided to prescribe a comprehensive cyber security framework for the UCBs, as a graded approach, based on their digital depth and interconnectedness with the payment systems landscape, digital products offered by them and assessment of cyber security risk. The framework would mandate implementation of progressively stronger security measures based on the nature, variety and scale of digital product offerings of banks.;160246625885;sa-east-1;2024-04-12T10:44:19.807178;annex_i_7_4;Implement appropriate (e.g. centralised) systems and controls to allow, manage, log and monitor privileged/super user/administrative access to critical systems (servers/databases, applications, network devices etc.);;;;aws;;FAIL;No CloudTrail trails enabled and logging were found.;160246625885;cloudtrail_multi_region_enabled;False
aws;The Reserve Bank had prescribed a set of baseline cyber security controls for primary (Urban) cooperative banks (UCBs) in October 2018. On further examination, it has been decided to prescribe a comprehensive cyber security framework for the UCBs, as a graded approach, based on their digital depth and interconnectedness with the payment systems landscape, digital products offered by them and assessment of cyber security risk. The framework would mandate implementation of progressively stronger security measures based on the nature, variety and scale of digital product offerings of banks.;160246625885;us-east-1;2024-04-12T10:44:19.807178;annex_i_7_4;Implement appropriate (e.g. centralised) systems and controls to allow, manage, log and monitor privileged/super user/administrative access to critical systems (servers/databases, applications, network devices etc.);;;;aws;;FAIL;No CloudTrail trails enabled and logging were found.;160246625885;cloudtrail_multi_region_enabled;False
aws;The Reserve Bank had prescribed a set of baseline cyber security controls for primary (Urban) cooperative banks (UCBs) in October 2018. On further examination, it has been decided to prescribe a comprehensive cyber security framework for the UCBs, as a graded approach, based on their digital depth and interconnectedness with the payment systems landscape, digital products offered by them and assessment of cyber security risk. The framework would mandate implementation of progressively stronger security measures based on the nature, variety and scale of digital product offerings of banks.;160246625885;us-east-2;2024-04-12T10:44:19.807178;annex_i_7_4;Implement appropriate (e.g. centralised) systems and controls to allow, manage, log and monitor privileged/super user/administrative access to critical systems (servers/databases, applications, network devices etc.);;;;aws;;FAIL;No CloudTrail trails enabled and logging were found.;160246625885;cloudtrail_multi_region_enabled;False
aws;The Reserve Bank had prescribed a set of baseline cyber security controls for primary (Urban) cooperative banks (UCBs) in October 2018. On further examination, it has been decided to prescribe a comprehensive cyber security framework for the UCBs, as a graded approach, based on their digital depth and interconnectedness with the payment systems landscape, digital products offered by them and assessment of cyber security risk. The framework would mandate implementation of progressively stronger security measures based on the nature, variety and scale of digital product offerings of banks.;160246625885;us-west-1;2024-04-12T10:44:19.807178;annex_i_7_4;Implement appropriate (e.g. centralised) systems and controls to allow, manage, log and monitor privileged/super user/administrative access to critical systems (servers/databases, applications, network devices etc.);;;;aws;;FAIL;No CloudTrail trails enabled and logging were found.;160246625885;cloudtrail_multi_region_enabled;False
aws;The Reserve Bank had prescribed a set of baseline cyber security controls for primary (Urban) cooperative banks (UCBs) in October 2018. On further examination, it has been decided to prescribe a comprehensive cyber security framework for the UCBs, as a graded approach, based on their digital depth and interconnectedness with the payment systems landscape, digital products offered by them and assessment of cyber security risk. The framework would mandate implementation of progressively stronger security measures based on the nature, variety and scale of digital product offerings of banks.;160246625885;us-west-2;2024-04-12T10:44:19.807178;annex_i_7_4;Implement appropriate (e.g. centralised) systems and controls to allow, manage, log and monitor privileged/super user/administrative access to critical systems (servers/databases, applications, network devices etc.);;;;aws;;FAIL;No CloudTrail trails enabled and logging were found.;160246625885;cloudtrail_multi_region_enabled;False
aws;The Reserve Bank had prescribed a set of baseline cyber security controls for primary (Urban) cooperative banks (UCBs) in October 2018. On further examination, it has been decided to prescribe a comprehensive cyber security framework for the UCBs, as a graded approach, based on their digital depth and interconnectedness with the payment systems landscape, digital products offered by them and assessment of cyber security risk. The framework would mandate implementation of progressively stronger security measures based on the nature, variety and scale of digital product offerings of banks.;160246625885;us-east-1;2024-04-12T10:44:19.807178;annex_i_1_3;Appropriately manage and provide protection within and outside UCB/network, keeping in mind how the data/information is stored, transmitted, processed, accessed and put to use within/outside the UCB’s network, and level of risk they are exposed to depending on the sensitivity of the data/information.;;;;aws;;FAIL;Log Group RDSOSMetrics does not have AWS KMS keys associated.;RDSOSMetrics;cloudwatch_log_group_kms_encryption_enabled;False
aws;The Reserve Bank had prescribed a set of baseline cyber security controls for primary (Urban) cooperative banks (UCBs) in October 2018. On further examination, it has been decided to prescribe a comprehensive cyber security framework for the UCBs, as a graded approach, based on their digital depth and interconnectedness with the payment systems landscape, digital products offered by them and assessment of cyber security risk. The framework would mandate implementation of progressively stronger security measures based on the nature, variety and scale of digital product offerings of banks.;160246625885;us-east-1;2024-04-12T10:44:19.807178;annex_i_7_4;Implement appropriate (e.g. centralised) systems and controls to allow, manage, log and monitor privileged/super user/administrative access to critical systems (servers/databases, applications, network devices etc.);;;;aws;;FAIL;Log Group RDSOSMetrics has less than 365 days retention period (30 days).;RDSOSMetrics;cloudwatch_log_group_retention_policy_specific_days_enabled;False
aws;The Reserve Bank had prescribed a set of baseline cyber security controls for primary (Urban) cooperative banks (UCBs) in October 2018. On further examination, it has been decided to prescribe a comprehensive cyber security framework for the UCBs, as a graded approach, based on their digital depth and interconnectedness with the payment systems landscape, digital products offered by them and assessment of cyber security risk. The framework would mandate implementation of progressively stronger security measures based on the nature, variety and scale of digital product offerings of banks.;160246625885;us-east-1;2024-04-12T10:44:19.807178;annex_i_1_3;Appropriately manage and provide protection within and outside UCB/network, keeping in mind how the data/information is stored, transmitted, processed, accessed and put to use within/outside the UCB’s network, and level of risk they are exposed to depending on the sensitivity of the data/information.;;;;aws;;FAIL;Network ACL acl-0350cc0fb09e3ceb1 has every port open to the Internet.;acl-0350cc0fb09e3ceb1;ec2_networkacl_allow_ingress_any_port;False
aws;The Reserve Bank had prescribed a set of baseline cyber security controls for primary (Urban) cooperative banks (UCBs) in October 2018. On further examination, it has been decided to prescribe a comprehensive cyber security framework for the UCBs, as a graded approach, based on their digital depth and interconnectedness with the payment systems landscape, digital products offered by them and assessment of cyber security risk. The framework would mandate implementation of progressively stronger security measures based on the nature, variety and scale of digital product offerings of banks.;160246625885;us-east-1;2024-04-12T10:44:19.807178;annex_i_5_1;The firewall configurations should be set to the highest security level and evaluation of critical device (such as firewall, network switches, security devices, etc.) configurations should be done periodically.;;;;aws;;FAIL;Network ACL acl-0350cc0fb09e3ceb1 has every port open to the Internet.;acl-0350cc0fb09e3ceb1;ec2_networkacl_allow_ingress_any_port;False
aws;The Reserve Bank had prescribed a set of baseline cyber security controls for primary (Urban) cooperative banks (UCBs) in October 2018. On further examination, it has been decided to prescribe a comprehensive cyber security framework for the UCBs, as a graded approach, based on their digital depth and interconnectedness with the payment systems landscape, digital products offered by them and assessment of cyber security risk. The framework would mandate implementation of progressively stronger security measures based on the nature, variety and scale of digital product offerings of banks.;160246625885;ap-northeast-1;2024-04-12T10:44:19.807178;annex_i_5_1;The firewall configurations should be set to the highest security level and evaluation of critical device (such as firewall, network switches, security devices, etc.) configurations should be done periodically.;;;;aws;;FAIL;Default Security Group (sg-0826ecf7fb4b25e18) rules allow traffic.;sg-0826ecf7fb4b25e18;ec2_securitygroup_default_restrict_traffic;False
aws;The Reserve Bank had prescribed a set of baseline cyber security controls for primary (Urban) cooperative banks (UCBs) in October 2018. On further examination, it has been decided to prescribe a comprehensive cyber security framework for the UCBs, as a graded approach, based on their digital depth and interconnectedness with the payment systems landscape, digital products offered by them and assessment of cyber security risk. The framework would mandate implementation of progressively stronger security measures based on the nature, variety and scale of digital product offerings of banks.;160246625885;ap-northeast-2;2024-04-12T10:44:19.807178;annex_i_5_1;The firewall configurations should be set to the highest security level and evaluation of critical device (such as firewall, network switches, security devices, etc.) configurations should be done periodically.;;;;aws;;FAIL;Default Security Group (sg-02cfd2794b7db6dc5) rules allow traffic.;sg-02cfd2794b7db6dc5;ec2_securitygroup_default_restrict_traffic;False
aws;The Reserve Bank had prescribed a set of baseline cyber security controls for primary (Urban) cooperative banks (UCBs) in October 2018. On further examination, it has been decided to prescribe a comprehensive cyber security framework for the UCBs, as a graded approach, based on their digital depth and interconnectedness with the payment systems landscape, digital products offered by them and assessment of cyber security risk. The framework would mandate implementation of progressively stronger security measures based on the nature, variety and scale of digital product offerings of banks.;160246625885;ap-northeast-3;2024-04-12T10:44:19.807178;annex_i_5_1;The firewall configurations should be set to the highest security level and evaluation of critical device (such as firewall, network switches, security devices, etc.) configurations should be done periodically.;;;;aws;;FAIL;Default Security Group (sg-017bc7b18f766e37c) rules allow traffic.;sg-017bc7b18f766e37c;ec2_securitygroup_default_restrict_traffic;False
aws;The Reserve Bank had prescribed a set of baseline cyber security controls for primary (Urban) cooperative banks (UCBs) in October 2018. On further examination, it has been decided to prescribe a comprehensive cyber security framework for the UCBs, as a graded approach, based on their digital depth and interconnectedness with the payment systems landscape, digital products offered by them and assessment of cyber security risk. The framework would mandate implementation of progressively stronger security measures based on the nature, variety and scale of digital product offerings of banks.;160246625885;ap-south-1;2024-04-12T10:44:19.807178;annex_i_5_1;The firewall configurations should be set to the highest security level and evaluation of critical device (such as firewall, network switches, security devices, etc.) configurations should be done periodically.;;;;aws;;FAIL;Default Security Group (sg-0d55a5b1390abccea) rules allow traffic.;sg-0d55a5b1390abccea;ec2_securitygroup_default_restrict_traffic;False
aws;The Reserve Bank had prescribed a set of baseline cyber security controls for primary (Urban) cooperative banks (UCBs) in October 2018. On further examination, it has been decided to prescribe a comprehensive cyber security framework for the UCBs, as a graded approach, based on their digital depth and interconnectedness with the payment systems landscape, digital products offered by them and assessment of cyber security risk. The framework would mandate implementation of progressively stronger security measures based on the nature, variety and scale of digital product offerings of banks.;160246625885;ap-southeast-1;2024-04-12T10:44:19.807178;annex_i_5_1;The firewall configurations should be set to the highest security level and evaluation of critical device (such as firewall, network switches, security devices, etc.) configurations should be done periodically.;;;;aws;;FAIL;Default Security Group (sg-02e906c086e926108) rules allow traffic.;sg-02e906c086e926108;ec2_securitygroup_default_restrict_traffic;False
aws;The Reserve Bank had prescribed a set of baseline cyber security controls for primary (Urban) cooperative banks (UCBs) in October 2018. On further examination, it has been decided to prescribe a comprehensive cyber security framework for the UCBs, as a graded approach, based on their digital depth and interconnectedness with the payment systems landscape, digital products offered by them and assessment of cyber security risk. The framework would mandate implementation of progressively stronger security measures based on the nature, variety and scale of digital product offerings of banks.;160246625885;ap-southeast-2;2024-04-12T10:44:19.807178;annex_i_5_1;The firewall configurations should be set to the highest security level and evaluation of critical device (such as firewall, network switches, security devices, etc.) configurations should be done periodically.;;;;aws;;FAIL;Default Security Group (sg-0a647c408f17c45e4) rules allow traffic.;sg-0a647c408f17c45e4;ec2_securitygroup_default_restrict_traffic;False
aws;The Reserve Bank had prescribed a set of baseline cyber security controls for primary (Urban) cooperative banks (UCBs) in October 2018. On further examination, it has been decided to prescribe a comprehensive cyber security framework for the UCBs, as a graded approach, based on their digital depth and interconnectedness with the payment systems landscape, digital products offered by them and assessment of cyber security risk. The framework would mandate implementation of progressively stronger security measures based on the nature, variety and scale of digital product offerings of banks.;160246625885;ca-central-1;2024-04-12T10:44:19.807178;annex_i_5_1;The firewall configurations should be set to the highest security level and evaluation of critical device (such as firewall, network switches, security devices, etc.) configurations should be done periodically.;;;;aws;;FAIL;Default Security Group (sg-0feb6bb7268180c71) rules allow traffic.;sg-0feb6bb7268180c71;ec2_securitygroup_default_restrict_traffic;False
aws;The Reserve Bank had prescribed a set of baseline cyber security controls for primary (Urban) cooperative banks (UCBs) in October 2018. On further examination, it has been decided to prescribe a comprehensive cyber security framework for the UCBs, as a graded approach, based on their digital depth and interconnectedness with the payment systems landscape, digital products offered by them and assessment of cyber security risk. The framework would mandate implementation of progressively stronger security measures based on the nature, variety and scale of digital product offerings of banks.;160246625885;eu-central-1;2024-04-12T10:44:19.807178;annex_i_5_1;The firewall configurations should be set to the highest security level and evaluation of critical device (such as firewall, network switches, security devices, etc.) configurations should be done periodically.;;;;aws;;FAIL;Default Security Group (sg-0f5fcac26da119b73) rules allow traffic.;sg-0f5fcac26da119b73;ec2_securitygroup_default_restrict_traffic;False
aws;The Reserve Bank had prescribed a set of baseline cyber security controls for primary (Urban) cooperative banks (UCBs) in October 2018. On further examination, it has been decided to prescribe a comprehensive cyber security framework for the UCBs, as a graded approach, based on their digital depth and interconnectedness with the payment systems landscape, digital products offered by them and assessment of cyber security risk. The framework would mandate implementation of progressively stronger security measures based on the nature, variety and scale of digital product offerings of banks.;160246625885;eu-north-1;2024-04-12T10:44:19.807178;annex_i_5_1;The firewall configurations should be set to the highest security level and evaluation of critical device (such as firewall, network switches, security devices, etc.) configurations should be done periodically.;;;;aws;;FAIL;Default Security Group (sg-0f8591cea8bd65600) rules allow traffic.;sg-0f8591cea8bd65600;ec2_securitygroup_default_restrict_traffic;False
aws;The Reserve Bank had prescribed a set of baseline cyber security controls for primary (Urban) cooperative banks (UCBs) in October 2018. On further examination, it has been decided to prescribe a comprehensive cyber security framework for the UCBs, as a graded approach, based on their digital depth and interconnectedness with the payment systems landscape, digital products offered by them and assessment of cyber security risk. The framework would mandate implementation of progressively stronger security measures based on the nature, variety and scale of digital product offerings of banks.;160246625885;eu-west-1;2024-04-12T10:44:19.807178;annex_i_5_1;The firewall configurations should be set to the highest security level and evaluation of critical device (such as firewall, network switches, security devices, etc.) configurations should be done periodically.;;;;aws;;FAIL;Default Security Group (sg-077b40a9ed6572057) rules allow traffic.;sg-077b40a9ed6572057;ec2_securitygroup_default_restrict_traffic;False
aws;The Reserve Bank had prescribed a set of baseline cyber security controls for primary (Urban) cooperative banks (UCBs) in October 2018. On further examination, it has been decided to prescribe a comprehensive cyber security framework for the UCBs, as a graded approach, based on their digital depth and interconnectedness with the payment systems landscape, digital products offered by them and assessment of cyber security risk. The framework would mandate implementation of progressively stronger security measures based on the nature, variety and scale of digital product offerings of banks.;160246625885;eu-west-2;2024-04-12T10:44:19.807178;annex_i_5_1;The firewall configurations should be set to the highest security level and evaluation of critical device (such as firewall, network switches, security devices, etc.) configurations should be done periodically.;;;;aws;;FAIL;Default Security Group (sg-08f90b95407e48547) rules allow traffic.;sg-08f90b95407e48547;ec2_securitygroup_default_restrict_traffic;False
aws;The Reserve Bank had prescribed a set of baseline cyber security controls for primary (Urban) cooperative banks (UCBs) in October 2018. On further examination, it has been decided to prescribe a comprehensive cyber security framework for the UCBs, as a graded approach, based on their digital depth and interconnectedness with the payment systems landscape, digital products offered by them and assessment of cyber security risk. The framework would mandate implementation of progressively stronger security measures based on the nature, variety and scale of digital product offerings of banks.;160246625885;eu-west-3;2024-04-12T10:44:19.807178;annex_i_5_1;The firewall configurations should be set to the highest security level and evaluation of critical device (such as firewall, network switches, security devices, etc.) configurations should be done periodically.;;;;aws;;FAIL;Default Security Group (sg-0bfbcee692a29cc5e) rules allow traffic.;sg-0bfbcee692a29cc5e;ec2_securitygroup_default_restrict_traffic;False
aws;The Reserve Bank had prescribed a set of baseline cyber security controls for primary (Urban) cooperative banks (UCBs) in October 2018. On further examination, it has been decided to prescribe a comprehensive cyber security framework for the UCBs, as a graded approach, based on their digital depth and interconnectedness with the payment systems landscape, digital products offered by them and assessment of cyber security risk. The framework would mandate implementation of progressively stronger security measures based on the nature, variety and scale of digital product offerings of banks.;160246625885;sa-east-1;2024-04-12T10:44:19.807178;annex_i_5_1;The firewall configurations should be set to the highest security level and evaluation of critical device (such as firewall, network switches, security devices, etc.) configurations should be done periodically.;;;;aws;;FAIL;Default Security Group (sg-06930ece1c35bfd6e) rules allow traffic.;sg-06930ece1c35bfd6e;ec2_securitygroup_default_restrict_traffic;False
aws;The Reserve Bank had prescribed a set of baseline cyber security controls for primary (Urban) cooperative banks (UCBs) in October 2018. On further examination, it has been decided to prescribe a comprehensive cyber security framework for the UCBs, as a graded approach, based on their digital depth and interconnectedness with the payment systems landscape, digital products offered by them and assessment of cyber security risk. The framework would mandate implementation of progressively stronger security measures based on the nature, variety and scale of digital product offerings of banks.;160246625885;us-east-1;2024-04-12T10:44:19.807178;annex_i_5_1;The firewall configurations should be set to the highest security level and evaluation of critical device (such as firewall, network switches, security devices, etc.) configurations should be done periodically.;;;;aws;;FAIL;Default Security Group (sg-0c63cd68360bc3c43) rules allow traffic.;sg-0c63cd68360bc3c43;ec2_securitygroup_default_restrict_traffic;False
aws;The Reserve Bank had prescribed a set of baseline cyber security controls for primary (Urban) cooperative banks (UCBs) in October 2018. On further examination, it has been decided to prescribe a comprehensive cyber security framework for the UCBs, as a graded approach, based on their digital depth and interconnectedness with the payment systems landscape, digital products offered by them and assessment of cyber security risk. The framework would mandate implementation of progressively stronger security measures based on the nature, variety and scale of digital product offerings of banks.;160246625885;us-east-2;2024-04-12T10:44:19.807178;annex_i_5_1;The firewall configurations should be set to the highest security level and evaluation of critical device (such as firewall, network switches, security devices, etc.) configurations should be done periodically.;;;;aws;;FAIL;Default Security Group (sg-0cfd957818fc886dc) rules allow traffic.;sg-0cfd957818fc886dc;ec2_securitygroup_default_restrict_traffic;False
aws;The Reserve Bank had prescribed a set of baseline cyber security controls for primary (Urban) cooperative banks (UCBs) in October 2018. On further examination, it has been decided to prescribe a comprehensive cyber security framework for the UCBs, as a graded approach, based on their digital depth and interconnectedness with the payment systems landscape, digital products offered by them and assessment of cyber security risk. The framework would mandate implementation of progressively stronger security measures based on the nature, variety and scale of digital product offerings of banks.;160246625885;us-west-1;2024-04-12T10:44:19.807178;annex_i_5_1;The firewall configurations should be set to the highest security level and evaluation of critical device (such as firewall, network switches, security devices, etc.) configurations should be done periodically.;;;;aws;;FAIL;Default Security Group (sg-0d96fdb508bf3581c) rules allow traffic.;sg-0d96fdb508bf3581c;ec2_securitygroup_default_restrict_traffic;False
aws;The Reserve Bank had prescribed a set of baseline cyber security controls for primary (Urban) cooperative banks (UCBs) in October 2018. On further examination, it has been decided to prescribe a comprehensive cyber security framework for the UCBs, as a graded approach, based on their digital depth and interconnectedness with the payment systems landscape, digital products offered by them and assessment of cyber security risk. The framework would mandate implementation of progressively stronger security measures based on the nature, variety and scale of digital product offerings of banks.;160246625885;us-west-2;2024-04-12T10:44:19.807178;annex_i_5_1;The firewall configurations should be set to the highest security level and evaluation of critical device (such as firewall, network switches, security devices, etc.) configurations should be done periodically.;;;;aws;;FAIL;Default Security Group (sg-04a61701113d960e8) rules allow traffic.;sg-04a61701113d960e8;ec2_securitygroup_default_restrict_traffic;False
aws;The Reserve Bank had prescribed a set of baseline cyber security controls for primary (Urban) cooperative banks (UCBs) in October 2018. On further examination, it has been decided to prescribe a comprehensive cyber security framework for the UCBs, as a graded approach, based on their digital depth and interconnectedness with the payment systems landscape, digital products offered by them and assessment of cyber security risk. The framework would mandate implementation of progressively stronger security measures based on the nature, variety and scale of digital product offerings of banks.;160246625885;us-east-1;2024-04-12T10:44:19.807178;annex_i_7_1;Disallow administrative rights on end-user workstations/PCs/laptops and provide access rights on a ‘need to know’ and ‘need to do’ basis.;;;;iam;;PASS;AWS policy AmazonRDSServiceRolePolicy is attached but does not allow '*:*' administrative privileges.;AmazonRDSServiceRolePolicy;iam_aws_attached_policy_no_administrative_privileges;False
aws;The Reserve Bank had prescribed a set of baseline cyber security controls for primary (Urban) cooperative banks (UCBs) in October 2018. On further examination, it has been decided to prescribe a comprehensive cyber security framework for the UCBs, as a graded approach, based on their digital depth and interconnectedness with the payment systems landscape, digital products offered by them and assessment of cyber security risk. The framework would mandate implementation of progressively stronger security measures based on the nature, variety and scale of digital product offerings of banks.;160246625885;us-east-1;2024-04-12T10:44:19.807178;annex_i_7_1;Disallow administrative rights on end-user workstations/PCs/laptops and provide access rights on a ‘need to know’ and ‘need to do’ basis.;;;;iam;;PASS;AWS policy AWSTrustedAdvisorServiceRolePolicy is attached but does not allow '*:*' administrative privileges.;AWSTrustedAdvisorServiceRolePolicy;iam_aws_attached_policy_no_administrative_privileges;False
aws;The Reserve Bank had prescribed a set of baseline cyber security controls for primary (Urban) cooperative banks (UCBs) in October 2018. On further examination, it has been decided to prescribe a comprehensive cyber security framework for the UCBs, as a graded approach, based on their digital depth and interconnectedness with the payment systems landscape, digital products offered by them and assessment of cyber security risk. The framework would mandate implementation of progressively stronger security measures based on the nature, variety and scale of digital product offerings of banks.;160246625885;us-east-1;2024-04-12T10:44:19.807178;annex_i_7_1;Disallow administrative rights on end-user workstations/PCs/laptops and provide access rights on a ‘need to know’ and ‘need to do’ basis.;;;;iam;;PASS;AWS policy AWSSupportServiceRolePolicy is attached but does not allow '*:*' administrative privileges.;AWSSupportServiceRolePolicy;iam_aws_attached_policy_no_administrative_privileges;False
aws;The Reserve Bank had prescribed a set of baseline cyber security controls for primary (Urban) cooperative banks (UCBs) in October 2018. On further examination, it has been decided to prescribe a comprehensive cyber security framework for the UCBs, as a graded approach, based on their digital depth and interconnectedness with the payment systems landscape, digital products offered by them and assessment of cyber security risk. The framework would mandate implementation of progressively stronger security measures based on the nature, variety and scale of digital product offerings of banks.;160246625885;us-east-1;2024-04-12T10:44:19.807178;annex_i_7_1;Disallow administrative rights on end-user workstations/PCs/laptops and provide access rights on a ‘need to know’ and ‘need to do’ basis.;;;;iam;;PASS;AWS policy AmazonRDSEnhancedMonitoringRole is attached but does not allow '*:*' administrative privileges.;AmazonRDSEnhancedMonitoringRole;iam_aws_attached_policy_no_administrative_privileges;False
aws;The Reserve Bank had prescribed a set of baseline cyber security controls for primary (Urban) cooperative banks (UCBs) in October 2018. On further examination, it has been decided to prescribe a comprehensive cyber security framework for the UCBs, as a graded approach, based on their digital depth and interconnectedness with the payment systems landscape, digital products offered by them and assessment of cyber security risk. The framework would mandate implementation of progressively stronger security measures based on the nature, variety and scale of digital product offerings of banks.;160246625885;us-east-1;2024-04-12T10:44:19.807178;annex_i_7_1;Disallow administrative rights on end-user workstations/PCs/laptops and provide access rights on a ‘need to know’ and ‘need to do’ basis.;;;;iam;;PASS;AWS policy ViewOnlyAccess is attached but does not allow '*:*' administrative privileges.;ViewOnlyAccess;iam_aws_attached_policy_no_administrative_privileges;False
aws;The Reserve Bank had prescribed a set of baseline cyber security controls for primary (Urban) cooperative banks (UCBs) in October 2018. On further examination, it has been decided to prescribe a comprehensive cyber security framework for the UCBs, as a graded approach, based on their digital depth and interconnectedness with the payment systems landscape, digital products offered by them and assessment of cyber security risk. The framework would mandate implementation of progressively stronger security measures based on the nature, variety and scale of digital product offerings of banks.;160246625885;us-east-1;2024-04-12T10:44:19.807178;annex_i_7_1;Disallow administrative rights on end-user workstations/PCs/laptops and provide access rights on a ‘need to know’ and ‘need to do’ basis.;;;;iam;;PASS;AWS policy SecurityAudit is attached but does not allow '*:*' administrative privileges.;SecurityAudit;iam_aws_attached_policy_no_administrative_privileges;False
aws;The Reserve Bank had prescribed a set of baseline cyber security controls for primary (Urban) cooperative banks (UCBs) in October 2018. On further examination, it has been decided to prescribe a comprehensive cyber security framework for the UCBs, as a graded approach, based on their digital depth and interconnectedness with the payment systems landscape, digital products offered by them and assessment of cyber security risk. The framework would mandate implementation of progressively stronger security measures based on the nature, variety and scale of digital product offerings of banks.;160246625885;us-east-1;2024-04-12T10:44:19.807178;annex_i_7_1;Disallow administrative rights on end-user workstations/PCs/laptops and provide access rights on a ‘need to know’ and ‘need to do’ basis.;;;;iam;;FAIL;Inline policy adminconsole for IAM identity arn:aws:iam::160246625885:user/consola allows '*:*' administrative privileges.;consola/adminconsole;iam_inline_policy_no_administrative_privileges;False
aws;The Reserve Bank had prescribed a set of baseline cyber security controls for primary (Urban) cooperative banks (UCBs) in October 2018. On further examination, it has been decided to prescribe a comprehensive cyber security framework for the UCBs, as a graded approach, based on their digital depth and interconnectedness with the payment systems landscape, digital products offered by them and assessment of cyber security risk. The framework would mandate implementation of progressively stronger security measures based on the nature, variety and scale of digital product offerings of banks.;160246625885;us-east-1;2024-04-12T10:44:19.807178;annex_i_7_1;Disallow administrative rights on end-user workstations/PCs/laptops and provide access rights on a ‘need to know’ and ‘need to do’ basis.;;;;iam;;PASS;Inline policy prowler-additions-policy for IAM identity arn:aws:iam::160246625885:user/pedroot does not allow '*:*' administrative privileges.;pedroot/prowler-additions-policy;iam_inline_policy_no_administrative_privileges;False
aws;The Reserve Bank had prescribed a set of baseline cyber security controls for primary (Urban) cooperative banks (UCBs) in October 2018. On further examination, it has been decided to prescribe a comprehensive cyber security framework for the UCBs, as a graded approach, based on their digital depth and interconnectedness with the payment systems landscape, digital products offered by them and assessment of cyber security risk. The framework would mandate implementation of progressively stronger security measures based on the nature, variety and scale of digital product offerings of banks.;160246625885;us-east-1;2024-04-12T10:44:19.807178;annex_i_7_1;Disallow administrative rights on end-user workstations/PCs/laptops and provide access rights on a ‘need to know’ and ‘need to do’ basis.;;;;iam;;PASS;Inline policy ProwlerProSaaSRoleAdditionalViewPrivileges for IAM identity arn:aws:iam::160246625885:role/ProwlerProSaaSScanRole does not allow '*:*' administrative privileges.;ProwlerProSaaSScanRole/ProwlerProSaaSRoleAdditionalViewPrivileges;iam_inline_policy_no_administrative_privileges;False
aws;The Reserve Bank had prescribed a set of baseline cyber security controls for primary (Urban) cooperative banks (UCBs) in October 2018. On further examination, it has been decided to prescribe a comprehensive cyber security framework for the UCBs, as a graded approach, based on their digital depth and interconnectedness with the payment systems landscape, digital products offered by them and assessment of cyber security risk. The framework would mandate implementation of progressively stronger security measures based on the nature, variety and scale of digital product offerings of banks.;160246625885;us-east-1;2024-04-12T10:44:19.807178;annex_i_7_1;Disallow administrative rights on end-user workstations/PCs/laptops and provide access rights on a ‘need to know’ and ‘need to do’ basis.;;;;iam;;PASS;Inline policy ProwlerProSaaSRoleApiGatewayViewPrivileges for IAM identity arn:aws:iam::160246625885:role/ProwlerProSaaSScanRole does not allow '*:*' administrative privileges.;ProwlerProSaaSScanRole/ProwlerProSaaSRoleApiGatewayViewPrivileges;iam_inline_policy_no_administrative_privileges;False
aws;The Reserve Bank had prescribed a set of baseline cyber security controls for primary (Urban) cooperative banks (UCBs) in October 2018. On further examination, it has been decided to prescribe a comprehensive cyber security framework for the UCBs, as a graded approach, based on their digital depth and interconnectedness with the payment systems landscape, digital products offered by them and assessment of cyber security risk. The framework would mandate implementation of progressively stronger security measures based on the nature, variety and scale of digital product offerings of banks.;160246625885;us-east-1;2024-04-12T10:44:19.807178;annex_i_7_1;Disallow administrative rights on end-user workstations/PCs/laptops and provide access rights on a ‘need to know’ and ‘need to do’ basis.;;;;iam;;FAIL;User <root_account> has two active access keys.;<root_account>;iam_no_root_access_key;False
aws;The Reserve Bank had prescribed a set of baseline cyber security controls for primary (Urban) cooperative banks (UCBs) in October 2018. On further examination, it has been decided to prescribe a comprehensive cyber security framework for the UCBs, as a graded approach, based on their digital depth and interconnectedness with the payment systems landscape, digital products offered by them and assessment of cyber security risk. The framework would mandate implementation of progressively stronger security measures based on the nature, variety and scale of digital product offerings of banks.;160246625885;us-east-1;2024-04-12T10:44:19.807178;annex_i_7_2;Passwords should be set as complex and lengthy and users should not use same passwords for all the applications/systems/devices.;;;;iam;;FAIL;Password policy cannot be found.;160246625885;iam_password_policy_reuse_24;False
aws;The Reserve Bank had prescribed a set of baseline cyber security controls for primary (Urban) cooperative banks (UCBs) in October 2018. On further examination, it has been decided to prescribe a comprehensive cyber security framework for the UCBs, as a graded approach, based on their digital depth and interconnectedness with the payment systems landscape, digital products offered by them and assessment of cyber security risk. The framework would mandate implementation of progressively stronger security measures based on the nature, variety and scale of digital product offerings of banks.;160246625885;us-east-1;2024-04-12T10:44:19.807178;annex_i_7_1;Disallow administrative rights on end-user workstations/PCs/laptops and provide access rights on a ‘need to know’ and ‘need to do’ basis.;;;;iam;;FAIL;User consola has the inline policy adminconsole attached.;consola/adminconsole;iam_policy_attached_only_to_group_or_roles;False
aws;The Reserve Bank had prescribed a set of baseline cyber security controls for primary (Urban) cooperative banks (UCBs) in October 2018. On further examination, it has been decided to prescribe a comprehensive cyber security framework for the UCBs, as a graded approach, based on their digital depth and interconnectedness with the payment systems landscape, digital products offered by them and assessment of cyber security risk. The framework would mandate implementation of progressively stronger security measures based on the nature, variety and scale of digital product offerings of banks.;160246625885;us-east-1;2024-04-12T10:44:19.807178;annex_i_7_1;Disallow administrative rights on end-user workstations/PCs/laptops and provide access rights on a ‘need to know’ and ‘need to do’ basis.;;;;iam;;PASS;User pedromarting3 has no inline or attached policies.;pedromarting3;iam_policy_attached_only_to_group_or_roles;False
aws;The Reserve Bank had prescribed a set of baseline cyber security controls for primary (Urban) cooperative banks (UCBs) in October 2018. On further examination, it has been decided to prescribe a comprehensive cyber security framework for the UCBs, as a graded approach, based on their digital depth and interconnectedness with the payment systems landscape, digital products offered by them and assessment of cyber security risk. The framework would mandate implementation of progressively stronger security measures based on the nature, variety and scale of digital product offerings of banks.;160246625885;us-east-1;2024-04-12T10:44:19.807178;annex_i_7_1;Disallow administrative rights on end-user workstations/PCs/laptops and provide access rights on a ‘need to know’ and ‘need to do’ basis.;;;;iam;;FAIL;User pedroot has the inline policy prowler-additions-policy attached.;pedroot/prowler-additions-policy;iam_policy_attached_only_to_group_or_roles;False
aws;The Reserve Bank had prescribed a set of baseline cyber security controls for primary (Urban) cooperative banks (UCBs) in October 2018. On further examination, it has been decided to prescribe a comprehensive cyber security framework for the UCBs, as a graded approach, based on their digital depth and interconnectedness with the payment systems landscape, digital products offered by them and assessment of cyber security risk. The framework would mandate implementation of progressively stronger security measures based on the nature, variety and scale of digital product offerings of banks.;160246625885;ap-northeast-1;2024-04-12T10:44:19.807178;annex_i_7_4;Implement appropriate (e.g. centralised) systems and controls to allow, manage, log and monitor privileged/super user/administrative access to critical systems (servers/databases, applications, network devices etc.);;;;aws;;FAIL;Security Hub is not enabled.;Security Hub;securityhub_enabled;False
aws;The Reserve Bank had prescribed a set of baseline cyber security controls for primary (Urban) cooperative banks (UCBs) in October 2018. On further examination, it has been decided to prescribe a comprehensive cyber security framework for the UCBs, as a graded approach, based on their digital depth and interconnectedness with the payment systems landscape, digital products offered by them and assessment of cyber security risk. The framework would mandate implementation of progressively stronger security measures based on the nature, variety and scale of digital product offerings of banks.;160246625885;ap-northeast-2;2024-04-12T10:44:19.807178;annex_i_7_4;Implement appropriate (e.g. centralised) systems and controls to allow, manage, log and monitor privileged/super user/administrative access to critical systems (servers/databases, applications, network devices etc.);;;;aws;;FAIL;Security Hub is not enabled.;Security Hub;securityhub_enabled;False
aws;The Reserve Bank had prescribed a set of baseline cyber security controls for primary (Urban) cooperative banks (UCBs) in October 2018. On further examination, it has been decided to prescribe a comprehensive cyber security framework for the UCBs, as a graded approach, based on their digital depth and interconnectedness with the payment systems landscape, digital products offered by them and assessment of cyber security risk. The framework would mandate implementation of progressively stronger security measures based on the nature, variety and scale of digital product offerings of banks.;160246625885;ap-northeast-3;2024-04-12T10:44:19.807178;annex_i_7_4;Implement appropriate (e.g. centralised) systems and controls to allow, manage, log and monitor privileged/super user/administrative access to critical systems (servers/databases, applications, network devices etc.);;;;aws;;FAIL;Security Hub is not enabled.;Security Hub;securityhub_enabled;False
aws;The Reserve Bank had prescribed a set of baseline cyber security controls for primary (Urban) cooperative banks (UCBs) in October 2018. On further examination, it has been decided to prescribe a comprehensive cyber security framework for the UCBs, as a graded approach, based on their digital depth and interconnectedness with the payment systems landscape, digital products offered by them and assessment of cyber security risk. The framework would mandate implementation of progressively stronger security measures based on the nature, variety and scale of digital product offerings of banks.;160246625885;ap-south-1;2024-04-12T10:44:19.807178;annex_i_7_4;Implement appropriate (e.g. centralised) systems and controls to allow, manage, log and monitor privileged/super user/administrative access to critical systems (servers/databases, applications, network devices etc.);;;;aws;;FAIL;Security Hub is not enabled.;Security Hub;securityhub_enabled;False
aws;The Reserve Bank had prescribed a set of baseline cyber security controls for primary (Urban) cooperative banks (UCBs) in October 2018. On further examination, it has been decided to prescribe a comprehensive cyber security framework for the UCBs, as a graded approach, based on their digital depth and interconnectedness with the payment systems landscape, digital products offered by them and assessment of cyber security risk. The framework would mandate implementation of progressively stronger security measures based on the nature, variety and scale of digital product offerings of banks.;160246625885;ap-southeast-1;2024-04-12T10:44:19.807178;annex_i_7_4;Implement appropriate (e.g. centralised) systems and controls to allow, manage, log and monitor privileged/super user/administrative access to critical systems (servers/databases, applications, network devices etc.);;;;aws;;FAIL;Security Hub is not enabled.;Security Hub;securityhub_enabled;False
aws;The Reserve Bank had prescribed a set of baseline cyber security controls for primary (Urban) cooperative banks (UCBs) in October 2018. On further examination, it has been decided to prescribe a comprehensive cyber security framework for the UCBs, as a graded approach, based on their digital depth and interconnectedness with the payment systems landscape, digital products offered by them and assessment of cyber security risk. The framework would mandate implementation of progressively stronger security measures based on the nature, variety and scale of digital product offerings of banks.;160246625885;ap-southeast-2;2024-04-12T10:44:19.807178;annex_i_7_4;Implement appropriate (e.g. centralised) systems and controls to allow, manage, log and monitor privileged/super user/administrative access to critical systems (servers/databases, applications, network devices etc.);;;;aws;;FAIL;Security Hub is not enabled.;Security Hub;securityhub_enabled;False
aws;The Reserve Bank had prescribed a set of baseline cyber security controls for primary (Urban) cooperative banks (UCBs) in October 2018. On further examination, it has been decided to prescribe a comprehensive cyber security framework for the UCBs, as a graded approach, based on their digital depth and interconnectedness with the payment systems landscape, digital products offered by them and assessment of cyber security risk. The framework would mandate implementation of progressively stronger security measures based on the nature, variety and scale of digital product offerings of banks.;160246625885;ca-central-1;2024-04-12T10:44:19.807178;annex_i_7_4;Implement appropriate (e.g. centralised) systems and controls to allow, manage, log and monitor privileged/super user/administrative access to critical systems (servers/databases, applications, network devices etc.);;;;aws;;FAIL;Security Hub is not enabled.;Security Hub;securityhub_enabled;False
aws;The Reserve Bank had prescribed a set of baseline cyber security controls for primary (Urban) cooperative banks (UCBs) in October 2018. On further examination, it has been decided to prescribe a comprehensive cyber security framework for the UCBs, as a graded approach, based on their digital depth and interconnectedness with the payment systems landscape, digital products offered by them and assessment of cyber security risk. The framework would mandate implementation of progressively stronger security measures based on the nature, variety and scale of digital product offerings of banks.;160246625885;eu-central-1;2024-04-12T10:44:19.807178;annex_i_7_4;Implement appropriate (e.g. centralised) systems and controls to allow, manage, log and monitor privileged/super user/administrative access to critical systems (servers/databases, applications, network devices etc.);;;;aws;;FAIL;Security Hub is not enabled.;Security Hub;securityhub_enabled;False
aws;The Reserve Bank had prescribed a set of baseline cyber security controls for primary (Urban) cooperative banks (UCBs) in October 2018. On further examination, it has been decided to prescribe a comprehensive cyber security framework for the UCBs, as a graded approach, based on their digital depth and interconnectedness with the payment systems landscape, digital products offered by them and assessment of cyber security risk. The framework would mandate implementation of progressively stronger security measures based on the nature, variety and scale of digital product offerings of banks.;160246625885;eu-north-1;2024-04-12T10:44:19.807178;annex_i_7_4;Implement appropriate (e.g. centralised) systems and controls to allow, manage, log and monitor privileged/super user/administrative access to critical systems (servers/databases, applications, network devices etc.);;;;aws;;FAIL;Security Hub is not enabled.;Security Hub;securityhub_enabled;False
aws;The Reserve Bank had prescribed a set of baseline cyber security controls for primary (Urban) cooperative banks (UCBs) in October 2018. On further examination, it has been decided to prescribe a comprehensive cyber security framework for the UCBs, as a graded approach, based on their digital depth and interconnectedness with the payment systems landscape, digital products offered by them and assessment of cyber security risk. The framework would mandate implementation of progressively stronger security measures based on the nature, variety and scale of digital product offerings of banks.;160246625885;eu-west-1;2024-04-12T10:44:19.807178;annex_i_7_4;Implement appropriate (e.g. centralised) systems and controls to allow, manage, log and monitor privileged/super user/administrative access to critical systems (servers/databases, applications, network devices etc.);;;;aws;;FAIL;Security Hub is not enabled.;Security Hub;securityhub_enabled;False
aws;The Reserve Bank had prescribed a set of baseline cyber security controls for primary (Urban) cooperative banks (UCBs) in October 2018. On further examination, it has been decided to prescribe a comprehensive cyber security framework for the UCBs, as a graded approach, based on their digital depth and interconnectedness with the payment systems landscape, digital products offered by them and assessment of cyber security risk. The framework would mandate implementation of progressively stronger security measures based on the nature, variety and scale of digital product offerings of banks.;160246625885;eu-west-2;2024-04-12T10:44:19.807178;annex_i_7_4;Implement appropriate (e.g. centralised) systems and controls to allow, manage, log and monitor privileged/super user/administrative access to critical systems (servers/databases, applications, network devices etc.);;;;aws;;FAIL;Security Hub is not enabled.;Security Hub;securityhub_enabled;False
aws;The Reserve Bank had prescribed a set of baseline cyber security controls for primary (Urban) cooperative banks (UCBs) in October 2018. On further examination, it has been decided to prescribe a comprehensive cyber security framework for the UCBs, as a graded approach, based on their digital depth and interconnectedness with the payment systems landscape, digital products offered by them and assessment of cyber security risk. The framework would mandate implementation of progressively stronger security measures based on the nature, variety and scale of digital product offerings of banks.;160246625885;eu-west-3;2024-04-12T10:44:19.807178;annex_i_7_4;Implement appropriate (e.g. centralised) systems and controls to allow, manage, log and monitor privileged/super user/administrative access to critical systems (servers/databases, applications, network devices etc.);;;;aws;;FAIL;Security Hub is not enabled.;Security Hub;securityhub_enabled;False
aws;The Reserve Bank had prescribed a set of baseline cyber security controls for primary (Urban) cooperative banks (UCBs) in October 2018. On further examination, it has been decided to prescribe a comprehensive cyber security framework for the UCBs, as a graded approach, based on their digital depth and interconnectedness with the payment systems landscape, digital products offered by them and assessment of cyber security risk. The framework would mandate implementation of progressively stronger security measures based on the nature, variety and scale of digital product offerings of banks.;160246625885;sa-east-1;2024-04-12T10:44:19.807178;annex_i_7_4;Implement appropriate (e.g. centralised) systems and controls to allow, manage, log and monitor privileged/super user/administrative access to critical systems (servers/databases, applications, network devices etc.);;;;aws;;FAIL;Security Hub is not enabled.;Security Hub;securityhub_enabled;False
aws;The Reserve Bank had prescribed a set of baseline cyber security controls for primary (Urban) cooperative banks (UCBs) in October 2018. On further examination, it has been decided to prescribe a comprehensive cyber security framework for the UCBs, as a graded approach, based on their digital depth and interconnectedness with the payment systems landscape, digital products offered by them and assessment of cyber security risk. The framework would mandate implementation of progressively stronger security measures based on the nature, variety and scale of digital product offerings of banks.;160246625885;us-east-1;2024-04-12T10:44:19.807178;annex_i_7_4;Implement appropriate (e.g. centralised) systems and controls to allow, manage, log and monitor privileged/super user/administrative access to critical systems (servers/databases, applications, network devices etc.);;;;aws;;FAIL;Security Hub is not enabled.;Security Hub;securityhub_enabled;False
aws;The Reserve Bank had prescribed a set of baseline cyber security controls for primary (Urban) cooperative banks (UCBs) in October 2018. On further examination, it has been decided to prescribe a comprehensive cyber security framework for the UCBs, as a graded approach, based on their digital depth and interconnectedness with the payment systems landscape, digital products offered by them and assessment of cyber security risk. The framework would mandate implementation of progressively stronger security measures based on the nature, variety and scale of digital product offerings of banks.;160246625885;us-east-2;2024-04-12T10:44:19.807178;annex_i_7_4;Implement appropriate (e.g. centralised) systems and controls to allow, manage, log and monitor privileged/super user/administrative access to critical systems (servers/databases, applications, network devices etc.);;;;aws;;FAIL;Security Hub is not enabled.;Security Hub;securityhub_enabled;False
aws;The Reserve Bank had prescribed a set of baseline cyber security controls for primary (Urban) cooperative banks (UCBs) in October 2018. On further examination, it has been decided to prescribe a comprehensive cyber security framework for the UCBs, as a graded approach, based on their digital depth and interconnectedness with the payment systems landscape, digital products offered by them and assessment of cyber security risk. The framework would mandate implementation of progressively stronger security measures based on the nature, variety and scale of digital product offerings of banks.;160246625885;us-west-1;2024-04-12T10:44:19.807178;annex_i_7_4;Implement appropriate (e.g. centralised) systems and controls to allow, manage, log and monitor privileged/super user/administrative access to critical systems (servers/databases, applications, network devices etc.);;;;aws;;FAIL;Security Hub is not enabled.;Security Hub;securityhub_enabled;False
aws;The Reserve Bank had prescribed a set of baseline cyber security controls for primary (Urban) cooperative banks (UCBs) in October 2018. On further examination, it has been decided to prescribe a comprehensive cyber security framework for the UCBs, as a graded approach, based on their digital depth and interconnectedness with the payment systems landscape, digital products offered by them and assessment of cyber security risk. The framework would mandate implementation of progressively stronger security measures based on the nature, variety and scale of digital product offerings of banks.;160246625885;us-west-2;2024-04-12T10:44:19.807178;annex_i_7_4;Implement appropriate (e.g. centralised) systems and controls to allow, manage, log and monitor privileged/super user/administrative access to critical systems (servers/databases, applications, network devices etc.);;;;aws;;FAIL;Security Hub is not enabled.;Security Hub;securityhub_enabled;False
