PROVIDER;DESCRIPTION;ACCOUNTID;REGION;ASSESSMENTDATE;REQUIREMENTS_ID;REQUIREMENTS_DESCRIPTION;REQUIREMENTS_ATTRIBUTES_SECTION;REQUIREMENTS_ATTRIBUTES_SUBSECTION;REQUIREMENTS_ATTRIBUTES_SUBGROUP;REQUIREMENTS_ATTRIBUTES_SERVICE;REQUIREMENTS_ATTRIBUTES_TYPE;STATUS;STATUSEXTENDED;RESOURCEID;CHECKID;MUTED
aws;The Payment Card Industry Data Security Standard (PCI DSS) is a proprietary information security standard. It's administered by the PCI Security Standards Council, which was founded by American Express, Discover Financial Services, JCB International, MasterCard Worldwide, and Visa Inc. PCI DSS applies to entities that store, process, or transmit cardholder data (CHD) or sensitive authentication data (SAD). This includes, but isn't limited to, merchants, processors, acquirers, issuers, and service providers. The PCI DSS is mandated by the card brands and administered by the Payment Card Industry Security Standards Council.;160246625885;;2024-04-12T10:44:19.807178;autoscaling;This control checks whether your Auto Scaling groups that are associated with a load balancer are using Elastic Load Balancing health checks. PCI DSS does not require load balancing or highly available configurations. However, this check aligns with AWS best practices.;;;;autoscaling;;MANUAL;Manual check;manual_check;manual_check;False
aws;The Payment Card Industry Data Security Standard (PCI DSS) is a proprietary information security standard. It's administered by the PCI Security Standards Council, which was founded by American Express, Discover Financial Services, JCB International, MasterCard Worldwide, and Visa Inc. PCI DSS applies to entities that store, process, or transmit cardholder data (CHD) or sensitive authentication data (SAD). This includes, but isn't limited to, merchants, processors, acquirers, issuers, and service providers. The PCI DSS is mandated by the card brands and administered by the Payment Card Industry Security Standards Council.;160246625885;;2024-04-12T10:44:19.807178;codebuild;This section contains recommendations for configuring CodeBuild resources and options.;;;;codebuild;;MANUAL;Manual check;manual_check;manual_check;False
aws;The Payment Card Industry Data Security Standard (PCI DSS) is a proprietary information security standard. It's administered by the PCI Security Standards Council, which was founded by American Express, Discover Financial Services, JCB International, MasterCard Worldwide, and Visa Inc. PCI DSS applies to entities that store, process, or transmit cardholder data (CHD) or sensitive authentication data (SAD). This includes, but isn't limited to, merchants, processors, acquirers, issuers, and service providers. The PCI DSS is mandated by the card brands and administered by the Payment Card Industry Security Standards Council.;160246625885;;2024-04-12T10:44:19.807178;dms;This section contains recommendations for configuring AWS DMS resources and options.;;;;dms;;MANUAL;Manual check;manual_check;manual_check;False
aws;The Payment Card Industry Data Security Standard (PCI DSS) is a proprietary information security standard. It's administered by the PCI Security Standards Council, which was founded by American Express, Discover Financial Services, JCB International, MasterCard Worldwide, and Visa Inc. PCI DSS applies to entities that store, process, or transmit cardholder data (CHD) or sensitive authentication data (SAD). This includes, but isn't limited to, merchants, processors, acquirers, issuers, and service providers. The PCI DSS is mandated by the card brands and administered by the Payment Card Industry Security Standards Council.;160246625885;;2024-04-12T10:44:19.807178;elbv2;This section contains recommendations for configuring Elastic Load Balancer resources and options.;;;;elbv2;;MANUAL;Manual check;manual_check;manual_check;False
aws;The Payment Card Industry Data Security Standard (PCI DSS) is a proprietary information security standard. It's administered by the PCI Security Standards Council, which was founded by American Express, Discover Financial Services, JCB International, MasterCard Worldwide, and Visa Inc. PCI DSS applies to entities that store, process, or transmit cardholder data (CHD) or sensitive authentication data (SAD). This includes, but isn't limited to, merchants, processors, acquirers, issuers, and service providers. The PCI DSS is mandated by the card brands and administered by the Payment Card Industry Security Standards Council.;160246625885;ap-northeast-1;2024-04-12T10:44:19.807178;cloudtrail;This section contains recommendations for configuring CloudTrail resources and options.;;;;cloudtrail;;FAIL;No CloudTrail trails enabled and logging were found.;160246625885;cloudtrail_multi_region_enabled;False
aws;The Payment Card Industry Data Security Standard (PCI DSS) is a proprietary information security standard. It's administered by the PCI Security Standards Council, which was founded by American Express, Discover Financial Services, JCB International, MasterCard Worldwide, and Visa Inc. PCI DSS applies to entities that store, process, or transmit cardholder data (CHD) or sensitive authentication data (SAD). This includes, but isn't limited to, merchants, processors, acquirers, issuers, and service providers. The PCI DSS is mandated by the card brands and administered by the Payment Card Industry Security Standards Council.;160246625885;ap-northeast-2;2024-04-12T10:44:19.807178;cloudtrail;This section contains recommendations for configuring CloudTrail resources and options.;;;;cloudtrail;;FAIL;No CloudTrail trails enabled and logging were found.;160246625885;cloudtrail_multi_region_enabled;False
aws;The Payment Card Industry Data Security Standard (PCI DSS) is a proprietary information security standard. It's administered by the PCI Security Standards Council, which was founded by American Express, Discover Financial Services, JCB International, MasterCard Worldwide, and Visa Inc. PCI DSS applies to entities that store, process, or transmit cardholder data (CHD) or sensitive authentication data (SAD). This includes, but isn't limited to, merchants, processors, acquirers, issuers, and service providers. The PCI DSS is mandated by the card brands and administered by the Payment Card Industry Security Standards Council.;160246625885;ap-northeast-3;2024-04-12T10:44:19.807178;cloudtrail;This section contains recommendations for configuring CloudTrail resources and options.;;;;cloudtrail;;FAIL;No CloudTrail trails enabled and logging were found.;160246625885;cloudtrail_multi_region_enabled;False
aws;The Payment Card Industry Data Security Standard (PCI DSS) is a proprietary information security standard. It's administered by the PCI Security Standards Council, which was founded by American Express, Discover Financial Services, JCB International, MasterCard Worldwide, and Visa Inc. PCI DSS applies to entities that store, process, or transmit cardholder data (CHD) or sensitive authentication data (SAD). This includes, but isn't limited to, merchants, processors, acquirers, issuers, and service providers. The PCI DSS is mandated by the card brands and administered by the Payment Card Industry Security Standards Council.;160246625885;ap-south-1;2024-04-12T10:44:19.807178;cloudtrail;This section contains recommendations for configuring CloudTrail resources and options.;;;;cloudtrail;;FAIL;No CloudTrail trails enabled and logging were found.;160246625885;cloudtrail_multi_region_enabled;False
aws;The Payment Card Industry Data Security Standard (PCI DSS) is a proprietary information security standard. It's administered by the PCI Security Standards Council, which was founded by American Express, Discover Financial Services, JCB International, MasterCard Worldwide, and Visa Inc. PCI DSS applies to entities that store, process, or transmit cardholder data (CHD) or sensitive authentication data (SAD). This includes, but isn't limited to, merchants, processors, acquirers, issuers, and service providers. The PCI DSS is mandated by the card brands and administered by the Payment Card Industry Security Standards Council.;160246625885;ap-southeast-1;2024-04-12T10:44:19.807178;cloudtrail;This section contains recommendations for configuring CloudTrail resources and options.;;;;cloudtrail;;FAIL;No CloudTrail trails enabled and logging were found.;160246625885;cloudtrail_multi_region_enabled;False
aws;The Payment Card Industry Data Security Standard (PCI DSS) is a proprietary information security standard. It's administered by the PCI Security Standards Council, which was founded by American Express, Discover Financial Services, JCB International, MasterCard Worldwide, and Visa Inc. PCI DSS applies to entities that store, process, or transmit cardholder data (CHD) or sensitive authentication data (SAD). This includes, but isn't limited to, merchants, processors, acquirers, issuers, and service providers. The PCI DSS is mandated by the card brands and administered by the Payment Card Industry Security Standards Council.;160246625885;ap-southeast-2;2024-04-12T10:44:19.807178;cloudtrail;This section contains recommendations for configuring CloudTrail resources and options.;;;;cloudtrail;;FAIL;No CloudTrail trails enabled and logging were found.;160246625885;cloudtrail_multi_region_enabled;False
aws;The Payment Card Industry Data Security Standard (PCI DSS) is a proprietary information security standard. It's administered by the PCI Security Standards Council, which was founded by American Express, Discover Financial Services, JCB International, MasterCard Worldwide, and Visa Inc. PCI DSS applies to entities that store, process, or transmit cardholder data (CHD) or sensitive authentication data (SAD). This includes, but isn't limited to, merchants, processors, acquirers, issuers, and service providers. The PCI DSS is mandated by the card brands and administered by the Payment Card Industry Security Standards Council.;160246625885;ca-central-1;2024-04-12T10:44:19.807178;cloudtrail;This section contains recommendations for configuring CloudTrail resources and options.;;;;cloudtrail;;FAIL;No CloudTrail trails enabled and logging were found.;160246625885;cloudtrail_multi_region_enabled;False
aws;The Payment Card Industry Data Security Standard (PCI DSS) is a proprietary information security standard. It's administered by the PCI Security Standards Council, which was founded by American Express, Discover Financial Services, JCB International, MasterCard Worldwide, and Visa Inc. PCI DSS applies to entities that store, process, or transmit cardholder data (CHD) or sensitive authentication data (SAD). This includes, but isn't limited to, merchants, processors, acquirers, issuers, and service providers. The PCI DSS is mandated by the card brands and administered by the Payment Card Industry Security Standards Council.;160246625885;eu-central-1;2024-04-12T10:44:19.807178;cloudtrail;This section contains recommendations for configuring CloudTrail resources and options.;;;;cloudtrail;;FAIL;No CloudTrail trails enabled and logging were found.;160246625885;cloudtrail_multi_region_enabled;False
aws;The Payment Card Industry Data Security Standard (PCI DSS) is a proprietary information security standard. It's administered by the PCI Security Standards Council, which was founded by American Express, Discover Financial Services, JCB International, MasterCard Worldwide, and Visa Inc. PCI DSS applies to entities that store, process, or transmit cardholder data (CHD) or sensitive authentication data (SAD). This includes, but isn't limited to, merchants, processors, acquirers, issuers, and service providers. The PCI DSS is mandated by the card brands and administered by the Payment Card Industry Security Standards Council.;160246625885;eu-north-1;2024-04-12T10:44:19.807178;cloudtrail;This section contains recommendations for configuring CloudTrail resources and options.;;;;cloudtrail;;FAIL;No CloudTrail trails enabled and logging were found.;160246625885;cloudtrail_multi_region_enabled;False
aws;The Payment Card Industry Data Security Standard (PCI DSS) is a proprietary information security standard. It's administered by the PCI Security Standards Council, which was founded by American Express, Discover Financial Services, JCB International, MasterCard Worldwide, and Visa Inc. PCI DSS applies to entities that store, process, or transmit cardholder data (CHD) or sensitive authentication data (SAD). This includes, but isn't limited to, merchants, processors, acquirers, issuers, and service providers. The PCI DSS is mandated by the card brands and administered by the Payment Card Industry Security Standards Council.;160246625885;eu-west-1;2024-04-12T10:44:19.807178;cloudtrail;This section contains recommendations for configuring CloudTrail resources and options.;;;;cloudtrail;;FAIL;No CloudTrail trails enabled and logging were found.;160246625885;cloudtrail_multi_region_enabled;False
aws;The Payment Card Industry Data Security Standard (PCI DSS) is a proprietary information security standard. It's administered by the PCI Security Standards Council, which was founded by American Express, Discover Financial Services, JCB International, MasterCard Worldwide, and Visa Inc. PCI DSS applies to entities that store, process, or transmit cardholder data (CHD) or sensitive authentication data (SAD). This includes, but isn't limited to, merchants, processors, acquirers, issuers, and service providers. The PCI DSS is mandated by the card brands and administered by the Payment Card Industry Security Standards Council.;160246625885;eu-west-2;2024-04-12T10:44:19.807178;cloudtrail;This section contains recommendations for configuring CloudTrail resources and options.;;;;cloudtrail;;FAIL;No CloudTrail trails enabled and logging were found.;160246625885;cloudtrail_multi_region_enabled;False
aws;The Payment Card Industry Data Security Standard (PCI DSS) is a proprietary information security standard. It's administered by the PCI Security Standards Council, which was founded by American Express, Discover Financial Services, JCB International, MasterCard Worldwide, and Visa Inc. PCI DSS applies to entities that store, process, or transmit cardholder data (CHD) or sensitive authentication data (SAD). This includes, but isn't limited to, merchants, processors, acquirers, issuers, and service providers. The PCI DSS is mandated by the card brands and administered by the Payment Card Industry Security Standards Council.;160246625885;eu-west-3;2024-04-12T10:44:19.807178;cloudtrail;This section contains recommendations for configuring CloudTrail resources and options.;;;;cloudtrail;;FAIL;No CloudTrail trails enabled and logging were found.;160246625885;cloudtrail_multi_region_enabled;False
aws;The Payment Card Industry Data Security Standard (PCI DSS) is a proprietary information security standard. It's administered by the PCI Security Standards Council, which was founded by American Express, Discover Financial Services, JCB International, MasterCard Worldwide, and Visa Inc. PCI DSS applies to entities that store, process, or transmit cardholder data (CHD) or sensitive authentication data (SAD). This includes, but isn't limited to, merchants, processors, acquirers, issuers, and service providers. The PCI DSS is mandated by the card brands and administered by the Payment Card Industry Security Standards Council.;160246625885;sa-east-1;2024-04-12T10:44:19.807178;cloudtrail;This section contains recommendations for configuring CloudTrail resources and options.;;;;cloudtrail;;FAIL;No CloudTrail trails enabled and logging were found.;160246625885;cloudtrail_multi_region_enabled;False
aws;The Payment Card Industry Data Security Standard (PCI DSS) is a proprietary information security standard. It's administered by the PCI Security Standards Council, which was founded by American Express, Discover Financial Services, JCB International, MasterCard Worldwide, and Visa Inc. PCI DSS applies to entities that store, process, or transmit cardholder data (CHD) or sensitive authentication data (SAD). This includes, but isn't limited to, merchants, processors, acquirers, issuers, and service providers. The PCI DSS is mandated by the card brands and administered by the Payment Card Industry Security Standards Council.;160246625885;us-east-1;2024-04-12T10:44:19.807178;cloudtrail;This section contains recommendations for configuring CloudTrail resources and options.;;;;cloudtrail;;FAIL;No CloudTrail trails enabled and logging were found.;160246625885;cloudtrail_multi_region_enabled;False
aws;The Payment Card Industry Data Security Standard (PCI DSS) is a proprietary information security standard. It's administered by the PCI Security Standards Council, which was founded by American Express, Discover Financial Services, JCB International, MasterCard Worldwide, and Visa Inc. PCI DSS applies to entities that store, process, or transmit cardholder data (CHD) or sensitive authentication data (SAD). This includes, but isn't limited to, merchants, processors, acquirers, issuers, and service providers. The PCI DSS is mandated by the card brands and administered by the Payment Card Industry Security Standards Council.;160246625885;us-east-2;2024-04-12T10:44:19.807178;cloudtrail;This section contains recommendations for configuring CloudTrail resources and options.;;;;cloudtrail;;FAIL;No CloudTrail trails enabled and logging were found.;160246625885;cloudtrail_multi_region_enabled;False
aws;The Payment Card Industry Data Security Standard (PCI DSS) is a proprietary information security standard. It's administered by the PCI Security Standards Council, which was founded by American Express, Discover Financial Services, JCB International, MasterCard Worldwide, and Visa Inc. PCI DSS applies to entities that store, process, or transmit cardholder data (CHD) or sensitive authentication data (SAD). This includes, but isn't limited to, merchants, processors, acquirers, issuers, and service providers. The PCI DSS is mandated by the card brands and administered by the Payment Card Industry Security Standards Council.;160246625885;us-west-1;2024-04-12T10:44:19.807178;cloudtrail;This section contains recommendations for configuring CloudTrail resources and options.;;;;cloudtrail;;FAIL;No CloudTrail trails enabled and logging were found.;160246625885;cloudtrail_multi_region_enabled;False
aws;The Payment Card Industry Data Security Standard (PCI DSS) is a proprietary information security standard. It's administered by the PCI Security Standards Council, which was founded by American Express, Discover Financial Services, JCB International, MasterCard Worldwide, and Visa Inc. PCI DSS applies to entities that store, process, or transmit cardholder data (CHD) or sensitive authentication data (SAD). This includes, but isn't limited to, merchants, processors, acquirers, issuers, and service providers. The PCI DSS is mandated by the card brands and administered by the Payment Card Industry Security Standards Council.;160246625885;us-west-2;2024-04-12T10:44:19.807178;cloudtrail;This section contains recommendations for configuring CloudTrail resources and options.;;;;cloudtrail;;FAIL;No CloudTrail trails enabled and logging were found.;160246625885;cloudtrail_multi_region_enabled;False
aws;The Payment Card Industry Data Security Standard (PCI DSS) is a proprietary information security standard. It's administered by the PCI Security Standards Council, which was founded by American Express, Discover Financial Services, JCB International, MasterCard Worldwide, and Visa Inc. PCI DSS applies to entities that store, process, or transmit cardholder data (CHD) or sensitive authentication data (SAD). This includes, but isn't limited to, merchants, processors, acquirers, issuers, and service providers. The PCI DSS is mandated by the card brands and administered by the Payment Card Industry Security Standards Council.;160246625885;us-east-1;2024-04-12T10:44:19.807178;cw;This section contains recommendations for configuring CloudWatch resources and options.;;;;cloudwatch;;FAIL;No CloudWatch log groups found with metric filters or alarms associated.;160246625885;cloudwatch_log_metric_filter_root_usage;False
aws;The Payment Card Industry Data Security Standard (PCI DSS) is a proprietary information security standard. It's administered by the PCI Security Standards Council, which was founded by American Express, Discover Financial Services, JCB International, MasterCard Worldwide, and Visa Inc. PCI DSS applies to entities that store, process, or transmit cardholder data (CHD) or sensitive authentication data (SAD). This includes, but isn't limited to, merchants, processors, acquirers, issuers, and service providers. The PCI DSS is mandated by the card brands and administered by the Payment Card Industry Security Standards Council.;160246625885;ap-northeast-1;2024-04-12T10:44:19.807178;config;This section contains recommendations for configuring AWS Config.;;;;config;;FAIL;AWS Config recorder 160246625885 is disabled.;160246625885;config_recorder_all_regions_enabled;False
aws;The Payment Card Industry Data Security Standard (PCI DSS) is a proprietary information security standard. It's administered by the PCI Security Standards Council, which was founded by American Express, Discover Financial Services, JCB International, MasterCard Worldwide, and Visa Inc. PCI DSS applies to entities that store, process, or transmit cardholder data (CHD) or sensitive authentication data (SAD). This includes, but isn't limited to, merchants, processors, acquirers, issuers, and service providers. The PCI DSS is mandated by the card brands and administered by the Payment Card Industry Security Standards Council.;160246625885;ap-northeast-2;2024-04-12T10:44:19.807178;config;This section contains recommendations for configuring AWS Config.;;;;config;;FAIL;AWS Config recorder 160246625885 is disabled.;160246625885;config_recorder_all_regions_enabled;False
aws;The Payment Card Industry Data Security Standard (PCI DSS) is a proprietary information security standard. It's administered by the PCI Security Standards Council, which was founded by American Express, Discover Financial Services, JCB International, MasterCard Worldwide, and Visa Inc. PCI DSS applies to entities that store, process, or transmit cardholder data (CHD) or sensitive authentication data (SAD). This includes, but isn't limited to, merchants, processors, acquirers, issuers, and service providers. The PCI DSS is mandated by the card brands and administered by the Payment Card Industry Security Standards Council.;160246625885;ap-northeast-3;2024-04-12T10:44:19.807178;config;This section contains recommendations for configuring AWS Config.;;;;config;;FAIL;AWS Config recorder 160246625885 is disabled.;160246625885;config_recorder_all_regions_enabled;False
aws;The Payment Card Industry Data Security Standard (PCI DSS) is a proprietary information security standard. It's administered by the PCI Security Standards Council, which was founded by American Express, Discover Financial Services, JCB International, MasterCard Worldwide, and Visa Inc. PCI DSS applies to entities that store, process, or transmit cardholder data (CHD) or sensitive authentication data (SAD). This includes, but isn't limited to, merchants, processors, acquirers, issuers, and service providers. The PCI DSS is mandated by the card brands and administered by the Payment Card Industry Security Standards Council.;160246625885;ap-south-1;2024-04-12T10:44:19.807178;config;This section contains recommendations for configuring AWS Config.;;;;config;;FAIL;AWS Config recorder 160246625885 is disabled.;160246625885;config_recorder_all_regions_enabled;False
aws;The Payment Card Industry Data Security Standard (PCI DSS) is a proprietary information security standard. It's administered by the PCI Security Standards Council, which was founded by American Express, Discover Financial Services, JCB International, MasterCard Worldwide, and Visa Inc. PCI DSS applies to entities that store, process, or transmit cardholder data (CHD) or sensitive authentication data (SAD). This includes, but isn't limited to, merchants, processors, acquirers, issuers, and service providers. The PCI DSS is mandated by the card brands and administered by the Payment Card Industry Security Standards Council.;160246625885;ap-southeast-1;2024-04-12T10:44:19.807178;config;This section contains recommendations for configuring AWS Config.;;;;config;;FAIL;AWS Config recorder 160246625885 is disabled.;160246625885;config_recorder_all_regions_enabled;False
aws;The Payment Card Industry Data Security Standard (PCI DSS) is a proprietary information security standard. It's administered by the PCI Security Standards Council, which was founded by American Express, Discover Financial Services, JCB International, MasterCard Worldwide, and Visa Inc. PCI DSS applies to entities that store, process, or transmit cardholder data (CHD) or sensitive authentication data (SAD). This includes, but isn't limited to, merchants, processors, acquirers, issuers, and service providers. The PCI DSS is mandated by the card brands and administered by the Payment Card Industry Security Standards Council.;160246625885;ap-southeast-2;2024-04-12T10:44:19.807178;config;This section contains recommendations for configuring AWS Config.;;;;config;;FAIL;AWS Config recorder 160246625885 is disabled.;160246625885;config_recorder_all_regions_enabled;False
aws;The Payment Card Industry Data Security Standard (PCI DSS) is a proprietary information security standard. It's administered by the PCI Security Standards Council, which was founded by American Express, Discover Financial Services, JCB International, MasterCard Worldwide, and Visa Inc. PCI DSS applies to entities that store, process, or transmit cardholder data (CHD) or sensitive authentication data (SAD). This includes, but isn't limited to, merchants, processors, acquirers, issuers, and service providers. The PCI DSS is mandated by the card brands and administered by the Payment Card Industry Security Standards Council.;160246625885;ca-central-1;2024-04-12T10:44:19.807178;config;This section contains recommendations for configuring AWS Config.;;;;config;;FAIL;AWS Config recorder 160246625885 is disabled.;160246625885;config_recorder_all_regions_enabled;False
aws;The Payment Card Industry Data Security Standard (PCI DSS) is a proprietary information security standard. It's administered by the PCI Security Standards Council, which was founded by American Express, Discover Financial Services, JCB International, MasterCard Worldwide, and Visa Inc. PCI DSS applies to entities that store, process, or transmit cardholder data (CHD) or sensitive authentication data (SAD). This includes, but isn't limited to, merchants, processors, acquirers, issuers, and service providers. The PCI DSS is mandated by the card brands and administered by the Payment Card Industry Security Standards Council.;160246625885;eu-central-1;2024-04-12T10:44:19.807178;config;This section contains recommendations for configuring AWS Config.;;;;config;;FAIL;AWS Config recorder 160246625885 is disabled.;160246625885;config_recorder_all_regions_enabled;False
aws;The Payment Card Industry Data Security Standard (PCI DSS) is a proprietary information security standard. It's administered by the PCI Security Standards Council, which was founded by American Express, Discover Financial Services, JCB International, MasterCard Worldwide, and Visa Inc. PCI DSS applies to entities that store, process, or transmit cardholder data (CHD) or sensitive authentication data (SAD). This includes, but isn't limited to, merchants, processors, acquirers, issuers, and service providers. The PCI DSS is mandated by the card brands and administered by the Payment Card Industry Security Standards Council.;160246625885;eu-north-1;2024-04-12T10:44:19.807178;config;This section contains recommendations for configuring AWS Config.;;;;config;;FAIL;AWS Config recorder 160246625885 is disabled.;160246625885;config_recorder_all_regions_enabled;False
aws;The Payment Card Industry Data Security Standard (PCI DSS) is a proprietary information security standard. It's administered by the PCI Security Standards Council, which was founded by American Express, Discover Financial Services, JCB International, MasterCard Worldwide, and Visa Inc. PCI DSS applies to entities that store, process, or transmit cardholder data (CHD) or sensitive authentication data (SAD). This includes, but isn't limited to, merchants, processors, acquirers, issuers, and service providers. The PCI DSS is mandated by the card brands and administered by the Payment Card Industry Security Standards Council.;160246625885;eu-west-1;2024-04-12T10:44:19.807178;config;This section contains recommendations for configuring AWS Config.;;;;config;;FAIL;AWS Config recorder 160246625885 is disabled.;160246625885;config_recorder_all_regions_enabled;False
aws;The Payment Card Industry Data Security Standard (PCI DSS) is a proprietary information security standard. It's administered by the PCI Security Standards Council, which was founded by American Express, Discover Financial Services, JCB International, MasterCard Worldwide, and Visa Inc. PCI DSS applies to entities that store, process, or transmit cardholder data (CHD) or sensitive authentication data (SAD). This includes, but isn't limited to, merchants, processors, acquirers, issuers, and service providers. The PCI DSS is mandated by the card brands and administered by the Payment Card Industry Security Standards Council.;160246625885;eu-west-2;2024-04-12T10:44:19.807178;config;This section contains recommendations for configuring AWS Config.;;;;config;;FAIL;AWS Config recorder 160246625885 is disabled.;160246625885;config_recorder_all_regions_enabled;False
aws;The Payment Card Industry Data Security Standard (PCI DSS) is a proprietary information security standard. It's administered by the PCI Security Standards Council, which was founded by American Express, Discover Financial Services, JCB International, MasterCard Worldwide, and Visa Inc. PCI DSS applies to entities that store, process, or transmit cardholder data (CHD) or sensitive authentication data (SAD). This includes, but isn't limited to, merchants, processors, acquirers, issuers, and service providers. The PCI DSS is mandated by the card brands and administered by the Payment Card Industry Security Standards Council.;160246625885;eu-west-3;2024-04-12T10:44:19.807178;config;This section contains recommendations for configuring AWS Config.;;;;config;;FAIL;AWS Config recorder 160246625885 is disabled.;160246625885;config_recorder_all_regions_enabled;False
aws;The Payment Card Industry Data Security Standard (PCI DSS) is a proprietary information security standard. It's administered by the PCI Security Standards Council, which was founded by American Express, Discover Financial Services, JCB International, MasterCard Worldwide, and Visa Inc. PCI DSS applies to entities that store, process, or transmit cardholder data (CHD) or sensitive authentication data (SAD). This includes, but isn't limited to, merchants, processors, acquirers, issuers, and service providers. The PCI DSS is mandated by the card brands and administered by the Payment Card Industry Security Standards Council.;160246625885;sa-east-1;2024-04-12T10:44:19.807178;config;This section contains recommendations for configuring AWS Config.;;;;config;;FAIL;AWS Config recorder 160246625885 is disabled.;160246625885;config_recorder_all_regions_enabled;False
aws;The Payment Card Industry Data Security Standard (PCI DSS) is a proprietary information security standard. It's administered by the PCI Security Standards Council, which was founded by American Express, Discover Financial Services, JCB International, MasterCard Worldwide, and Visa Inc. PCI DSS applies to entities that store, process, or transmit cardholder data (CHD) or sensitive authentication data (SAD). This includes, but isn't limited to, merchants, processors, acquirers, issuers, and service providers. The PCI DSS is mandated by the card brands and administered by the Payment Card Industry Security Standards Council.;160246625885;us-east-1;2024-04-12T10:44:19.807178;config;This section contains recommendations for configuring AWS Config.;;;;config;;FAIL;AWS Config recorder 160246625885 is disabled.;160246625885;config_recorder_all_regions_enabled;False
aws;The Payment Card Industry Data Security Standard (PCI DSS) is a proprietary information security standard. It's administered by the PCI Security Standards Council, which was founded by American Express, Discover Financial Services, JCB International, MasterCard Worldwide, and Visa Inc. PCI DSS applies to entities that store, process, or transmit cardholder data (CHD) or sensitive authentication data (SAD). This includes, but isn't limited to, merchants, processors, acquirers, issuers, and service providers. The PCI DSS is mandated by the card brands and administered by the Payment Card Industry Security Standards Council.;160246625885;us-east-2;2024-04-12T10:44:19.807178;config;This section contains recommendations for configuring AWS Config.;;;;config;;FAIL;AWS Config recorder 160246625885 is disabled.;160246625885;config_recorder_all_regions_enabled;False
aws;The Payment Card Industry Data Security Standard (PCI DSS) is a proprietary information security standard. It's administered by the PCI Security Standards Council, which was founded by American Express, Discover Financial Services, JCB International, MasterCard Worldwide, and Visa Inc. PCI DSS applies to entities that store, process, or transmit cardholder data (CHD) or sensitive authentication data (SAD). This includes, but isn't limited to, merchants, processors, acquirers, issuers, and service providers. The PCI DSS is mandated by the card brands and administered by the Payment Card Industry Security Standards Council.;160246625885;us-west-1;2024-04-12T10:44:19.807178;config;This section contains recommendations for configuring AWS Config.;;;;config;;FAIL;AWS Config recorder 160246625885 is disabled.;160246625885;config_recorder_all_regions_enabled;False
aws;The Payment Card Industry Data Security Standard (PCI DSS) is a proprietary information security standard. It's administered by the PCI Security Standards Council, which was founded by American Express, Discover Financial Services, JCB International, MasterCard Worldwide, and Visa Inc. PCI DSS applies to entities that store, process, or transmit cardholder data (CHD) or sensitive authentication data (SAD). This includes, but isn't limited to, merchants, processors, acquirers, issuers, and service providers. The PCI DSS is mandated by the card brands and administered by the Payment Card Industry Security Standards Council.;160246625885;us-west-2;2024-04-12T10:44:19.807178;config;This section contains recommendations for configuring AWS Config.;;;;config;;FAIL;AWS Config recorder 160246625885 is disabled.;160246625885;config_recorder_all_regions_enabled;False
aws;The Payment Card Industry Data Security Standard (PCI DSS) is a proprietary information security standard. It's administered by the PCI Security Standards Council, which was founded by American Express, Discover Financial Services, JCB International, MasterCard Worldwide, and Visa Inc. PCI DSS applies to entities that store, process, or transmit cardholder data (CHD) or sensitive authentication data (SAD). This includes, but isn't limited to, merchants, processors, acquirers, issuers, and service providers. The PCI DSS is mandated by the card brands and administered by the Payment Card Industry Security Standards Council.;160246625885;ap-northeast-1;2024-04-12T10:44:19.807178;ec2;This section contains recommendations for configuring EC2 resources and options.;;;;ec2;;FAIL;Default Security Group (sg-0826ecf7fb4b25e18) rules allow traffic.;sg-0826ecf7fb4b25e18;ec2_securitygroup_default_restrict_traffic;False
aws;The Payment Card Industry Data Security Standard (PCI DSS) is a proprietary information security standard. It's administered by the PCI Security Standards Council, which was founded by American Express, Discover Financial Services, JCB International, MasterCard Worldwide, and Visa Inc. PCI DSS applies to entities that store, process, or transmit cardholder data (CHD) or sensitive authentication data (SAD). This includes, but isn't limited to, merchants, processors, acquirers, issuers, and service providers. The PCI DSS is mandated by the card brands and administered by the Payment Card Industry Security Standards Council.;160246625885;ap-northeast-2;2024-04-12T10:44:19.807178;ec2;This section contains recommendations for configuring EC2 resources and options.;;;;ec2;;FAIL;Default Security Group (sg-02cfd2794b7db6dc5) rules allow traffic.;sg-02cfd2794b7db6dc5;ec2_securitygroup_default_restrict_traffic;False
aws;The Payment Card Industry Data Security Standard (PCI DSS) is a proprietary information security standard. It's administered by the PCI Security Standards Council, which was founded by American Express, Discover Financial Services, JCB International, MasterCard Worldwide, and Visa Inc. PCI DSS applies to entities that store, process, or transmit cardholder data (CHD) or sensitive authentication data (SAD). This includes, but isn't limited to, merchants, processors, acquirers, issuers, and service providers. The PCI DSS is mandated by the card brands and administered by the Payment Card Industry Security Standards Council.;160246625885;ap-northeast-3;2024-04-12T10:44:19.807178;ec2;This section contains recommendations for configuring EC2 resources and options.;;;;ec2;;FAIL;Default Security Group (sg-017bc7b18f766e37c) rules allow traffic.;sg-017bc7b18f766e37c;ec2_securitygroup_default_restrict_traffic;False
aws;The Payment Card Industry Data Security Standard (PCI DSS) is a proprietary information security standard. It's administered by the PCI Security Standards Council, which was founded by American Express, Discover Financial Services, JCB International, MasterCard Worldwide, and Visa Inc. PCI DSS applies to entities that store, process, or transmit cardholder data (CHD) or sensitive authentication data (SAD). This includes, but isn't limited to, merchants, processors, acquirers, issuers, and service providers. The PCI DSS is mandated by the card brands and administered by the Payment Card Industry Security Standards Council.;160246625885;ap-south-1;2024-04-12T10:44:19.807178;ec2;This section contains recommendations for configuring EC2 resources and options.;;;;ec2;;FAIL;Default Security Group (sg-0d55a5b1390abccea) rules allow traffic.;sg-0d55a5b1390abccea;ec2_securitygroup_default_restrict_traffic;False
aws;The Payment Card Industry Data Security Standard (PCI DSS) is a proprietary information security standard. It's administered by the PCI Security Standards Council, which was founded by American Express, Discover Financial Services, JCB International, MasterCard Worldwide, and Visa Inc. PCI DSS applies to entities that store, process, or transmit cardholder data (CHD) or sensitive authentication data (SAD). This includes, but isn't limited to, merchants, processors, acquirers, issuers, and service providers. The PCI DSS is mandated by the card brands and administered by the Payment Card Industry Security Standards Council.;160246625885;ap-southeast-1;2024-04-12T10:44:19.807178;ec2;This section contains recommendations for configuring EC2 resources and options.;;;;ec2;;FAIL;Default Security Group (sg-02e906c086e926108) rules allow traffic.;sg-02e906c086e926108;ec2_securitygroup_default_restrict_traffic;False
aws;The Payment Card Industry Data Security Standard (PCI DSS) is a proprietary information security standard. It's administered by the PCI Security Standards Council, which was founded by American Express, Discover Financial Services, JCB International, MasterCard Worldwide, and Visa Inc. PCI DSS applies to entities that store, process, or transmit cardholder data (CHD) or sensitive authentication data (SAD). This includes, but isn't limited to, merchants, processors, acquirers, issuers, and service providers. The PCI DSS is mandated by the card brands and administered by the Payment Card Industry Security Standards Council.;160246625885;ap-southeast-2;2024-04-12T10:44:19.807178;ec2;This section contains recommendations for configuring EC2 resources and options.;;;;ec2;;FAIL;Default Security Group (sg-0a647c408f17c45e4) rules allow traffic.;sg-0a647c408f17c45e4;ec2_securitygroup_default_restrict_traffic;False
aws;The Payment Card Industry Data Security Standard (PCI DSS) is a proprietary information security standard. It's administered by the PCI Security Standards Council, which was founded by American Express, Discover Financial Services, JCB International, MasterCard Worldwide, and Visa Inc. PCI DSS applies to entities that store, process, or transmit cardholder data (CHD) or sensitive authentication data (SAD). This includes, but isn't limited to, merchants, processors, acquirers, issuers, and service providers. The PCI DSS is mandated by the card brands and administered by the Payment Card Industry Security Standards Council.;160246625885;ca-central-1;2024-04-12T10:44:19.807178;ec2;This section contains recommendations for configuring EC2 resources and options.;;;;ec2;;FAIL;Default Security Group (sg-0feb6bb7268180c71) rules allow traffic.;sg-0feb6bb7268180c71;ec2_securitygroup_default_restrict_traffic;False
aws;The Payment Card Industry Data Security Standard (PCI DSS) is a proprietary information security standard. It's administered by the PCI Security Standards Council, which was founded by American Express, Discover Financial Services, JCB International, MasterCard Worldwide, and Visa Inc. PCI DSS applies to entities that store, process, or transmit cardholder data (CHD) or sensitive authentication data (SAD). This includes, but isn't limited to, merchants, processors, acquirers, issuers, and service providers. The PCI DSS is mandated by the card brands and administered by the Payment Card Industry Security Standards Council.;160246625885;eu-central-1;2024-04-12T10:44:19.807178;ec2;This section contains recommendations for configuring EC2 resources and options.;;;;ec2;;FAIL;Default Security Group (sg-0f5fcac26da119b73) rules allow traffic.;sg-0f5fcac26da119b73;ec2_securitygroup_default_restrict_traffic;False
aws;The Payment Card Industry Data Security Standard (PCI DSS) is a proprietary information security standard. It's administered by the PCI Security Standards Council, which was founded by American Express, Discover Financial Services, JCB International, MasterCard Worldwide, and Visa Inc. PCI DSS applies to entities that store, process, or transmit cardholder data (CHD) or sensitive authentication data (SAD). This includes, but isn't limited to, merchants, processors, acquirers, issuers, and service providers. The PCI DSS is mandated by the card brands and administered by the Payment Card Industry Security Standards Council.;160246625885;eu-north-1;2024-04-12T10:44:19.807178;ec2;This section contains recommendations for configuring EC2 resources and options.;;;;ec2;;FAIL;Default Security Group (sg-0f8591cea8bd65600) rules allow traffic.;sg-0f8591cea8bd65600;ec2_securitygroup_default_restrict_traffic;False
aws;The Payment Card Industry Data Security Standard (PCI DSS) is a proprietary information security standard. It's administered by the PCI Security Standards Council, which was founded by American Express, Discover Financial Services, JCB International, MasterCard Worldwide, and Visa Inc. PCI DSS applies to entities that store, process, or transmit cardholder data (CHD) or sensitive authentication data (SAD). This includes, but isn't limited to, merchants, processors, acquirers, issuers, and service providers. The PCI DSS is mandated by the card brands and administered by the Payment Card Industry Security Standards Council.;160246625885;eu-west-1;2024-04-12T10:44:19.807178;ec2;This section contains recommendations for configuring EC2 resources and options.;;;;ec2;;FAIL;Default Security Group (sg-077b40a9ed6572057) rules allow traffic.;sg-077b40a9ed6572057;ec2_securitygroup_default_restrict_traffic;False
aws;The Payment Card Industry Data Security Standard (PCI DSS) is a proprietary information security standard. It's administered by the PCI Security Standards Council, which was founded by American Express, Discover Financial Services, JCB International, MasterCard Worldwide, and Visa Inc. PCI DSS applies to entities that store, process, or transmit cardholder data (CHD) or sensitive authentication data (SAD). This includes, but isn't limited to, merchants, processors, acquirers, issuers, and service providers. The PCI DSS is mandated by the card brands and administered by the Payment Card Industry Security Standards Council.;160246625885;eu-west-2;2024-04-12T10:44:19.807178;ec2;This section contains recommendations for configuring EC2 resources and options.;;;;ec2;;FAIL;Default Security Group (sg-08f90b95407e48547) rules allow traffic.;sg-08f90b95407e48547;ec2_securitygroup_default_restrict_traffic;False
aws;The Payment Card Industry Data Security Standard (PCI DSS) is a proprietary information security standard. It's administered by the PCI Security Standards Council, which was founded by American Express, Discover Financial Services, JCB International, MasterCard Worldwide, and Visa Inc. PCI DSS applies to entities that store, process, or transmit cardholder data (CHD) or sensitive authentication data (SAD). This includes, but isn't limited to, merchants, processors, acquirers, issuers, and service providers. The PCI DSS is mandated by the card brands and administered by the Payment Card Industry Security Standards Council.;160246625885;eu-west-3;2024-04-12T10:44:19.807178;ec2;This section contains recommendations for configuring EC2 resources and options.;;;;ec2;;FAIL;Default Security Group (sg-0bfbcee692a29cc5e) rules allow traffic.;sg-0bfbcee692a29cc5e;ec2_securitygroup_default_restrict_traffic;False
aws;The Payment Card Industry Data Security Standard (PCI DSS) is a proprietary information security standard. It's administered by the PCI Security Standards Council, which was founded by American Express, Discover Financial Services, JCB International, MasterCard Worldwide, and Visa Inc. PCI DSS applies to entities that store, process, or transmit cardholder data (CHD) or sensitive authentication data (SAD). This includes, but isn't limited to, merchants, processors, acquirers, issuers, and service providers. The PCI DSS is mandated by the card brands and administered by the Payment Card Industry Security Standards Council.;160246625885;sa-east-1;2024-04-12T10:44:19.807178;ec2;This section contains recommendations for configuring EC2 resources and options.;;;;ec2;;FAIL;Default Security Group (sg-06930ece1c35bfd6e) rules allow traffic.;sg-06930ece1c35bfd6e;ec2_securitygroup_default_restrict_traffic;False
aws;The Payment Card Industry Data Security Standard (PCI DSS) is a proprietary information security standard. It's administered by the PCI Security Standards Council, which was founded by American Express, Discover Financial Services, JCB International, MasterCard Worldwide, and Visa Inc. PCI DSS applies to entities that store, process, or transmit cardholder data (CHD) or sensitive authentication data (SAD). This includes, but isn't limited to, merchants, processors, acquirers, issuers, and service providers. The PCI DSS is mandated by the card brands and administered by the Payment Card Industry Security Standards Council.;160246625885;us-east-1;2024-04-12T10:44:19.807178;ec2;This section contains recommendations for configuring EC2 resources and options.;;;;ec2;;FAIL;Default Security Group (sg-0c63cd68360bc3c43) rules allow traffic.;sg-0c63cd68360bc3c43;ec2_securitygroup_default_restrict_traffic;False
aws;The Payment Card Industry Data Security Standard (PCI DSS) is a proprietary information security standard. It's administered by the PCI Security Standards Council, which was founded by American Express, Discover Financial Services, JCB International, MasterCard Worldwide, and Visa Inc. PCI DSS applies to entities that store, process, or transmit cardholder data (CHD) or sensitive authentication data (SAD). This includes, but isn't limited to, merchants, processors, acquirers, issuers, and service providers. The PCI DSS is mandated by the card brands and administered by the Payment Card Industry Security Standards Council.;160246625885;us-east-2;2024-04-12T10:44:19.807178;ec2;This section contains recommendations for configuring EC2 resources and options.;;;;ec2;;FAIL;Default Security Group (sg-0cfd957818fc886dc) rules allow traffic.;sg-0cfd957818fc886dc;ec2_securitygroup_default_restrict_traffic;False
aws;The Payment Card Industry Data Security Standard (PCI DSS) is a proprietary information security standard. It's administered by the PCI Security Standards Council, which was founded by American Express, Discover Financial Services, JCB International, MasterCard Worldwide, and Visa Inc. PCI DSS applies to entities that store, process, or transmit cardholder data (CHD) or sensitive authentication data (SAD). This includes, but isn't limited to, merchants, processors, acquirers, issuers, and service providers. The PCI DSS is mandated by the card brands and administered by the Payment Card Industry Security Standards Council.;160246625885;us-west-1;2024-04-12T10:44:19.807178;ec2;This section contains recommendations for configuring EC2 resources and options.;;;;ec2;;FAIL;Default Security Group (sg-0d96fdb508bf3581c) rules allow traffic.;sg-0d96fdb508bf3581c;ec2_securitygroup_default_restrict_traffic;False
aws;The Payment Card Industry Data Security Standard (PCI DSS) is a proprietary information security standard. It's administered by the PCI Security Standards Council, which was founded by American Express, Discover Financial Services, JCB International, MasterCard Worldwide, and Visa Inc. PCI DSS applies to entities that store, process, or transmit cardholder data (CHD) or sensitive authentication data (SAD). This includes, but isn't limited to, merchants, processors, acquirers, issuers, and service providers. The PCI DSS is mandated by the card brands and administered by the Payment Card Industry Security Standards Council.;160246625885;us-west-2;2024-04-12T10:44:19.807178;ec2;This section contains recommendations for configuring EC2 resources and options.;;;;ec2;;FAIL;Default Security Group (sg-04a61701113d960e8) rules allow traffic.;sg-04a61701113d960e8;ec2_securitygroup_default_restrict_traffic;False
aws;The Payment Card Industry Data Security Standard (PCI DSS) is a proprietary information security standard. It's administered by the PCI Security Standards Council, which was founded by American Express, Discover Financial Services, JCB International, MasterCard Worldwide, and Visa Inc. PCI DSS applies to entities that store, process, or transmit cardholder data (CHD) or sensitive authentication data (SAD). This includes, but isn't limited to, merchants, processors, acquirers, issuers, and service providers. The PCI DSS is mandated by the card brands and administered by the Payment Card Industry Security Standards Council.;160246625885;ap-northeast-1;2024-04-12T10:44:19.807178;guardduty;This section contains recommendations for configuring AWS GuardDuty resources and options.;;;;guardduty;;FAIL;GuardDuty is not enabled.;160246625885;guardduty_is_enabled;False
aws;The Payment Card Industry Data Security Standard (PCI DSS) is a proprietary information security standard. It's administered by the PCI Security Standards Council, which was founded by American Express, Discover Financial Services, JCB International, MasterCard Worldwide, and Visa Inc. PCI DSS applies to entities that store, process, or transmit cardholder data (CHD) or sensitive authentication data (SAD). This includes, but isn't limited to, merchants, processors, acquirers, issuers, and service providers. The PCI DSS is mandated by the card brands and administered by the Payment Card Industry Security Standards Council.;160246625885;ap-northeast-2;2024-04-12T10:44:19.807178;guardduty;This section contains recommendations for configuring AWS GuardDuty resources and options.;;;;guardduty;;FAIL;GuardDuty is not enabled.;160246625885;guardduty_is_enabled;False
aws;The Payment Card Industry Data Security Standard (PCI DSS) is a proprietary information security standard. It's administered by the PCI Security Standards Council, which was founded by American Express, Discover Financial Services, JCB International, MasterCard Worldwide, and Visa Inc. PCI DSS applies to entities that store, process, or transmit cardholder data (CHD) or sensitive authentication data (SAD). This includes, but isn't limited to, merchants, processors, acquirers, issuers, and service providers. The PCI DSS is mandated by the card brands and administered by the Payment Card Industry Security Standards Council.;160246625885;ap-northeast-3;2024-04-12T10:44:19.807178;guardduty;This section contains recommendations for configuring AWS GuardDuty resources and options.;;;;guardduty;;FAIL;GuardDuty is not enabled.;160246625885;guardduty_is_enabled;False
aws;The Payment Card Industry Data Security Standard (PCI DSS) is a proprietary information security standard. It's administered by the PCI Security Standards Council, which was founded by American Express, Discover Financial Services, JCB International, MasterCard Worldwide, and Visa Inc. PCI DSS applies to entities that store, process, or transmit cardholder data (CHD) or sensitive authentication data (SAD). This includes, but isn't limited to, merchants, processors, acquirers, issuers, and service providers. The PCI DSS is mandated by the card brands and administered by the Payment Card Industry Security Standards Council.;160246625885;ap-south-1;2024-04-12T10:44:19.807178;guardduty;This section contains recommendations for configuring AWS GuardDuty resources and options.;;;;guardduty;;FAIL;GuardDuty is not enabled.;160246625885;guardduty_is_enabled;False
aws;The Payment Card Industry Data Security Standard (PCI DSS) is a proprietary information security standard. It's administered by the PCI Security Standards Council, which was founded by American Express, Discover Financial Services, JCB International, MasterCard Worldwide, and Visa Inc. PCI DSS applies to entities that store, process, or transmit cardholder data (CHD) or sensitive authentication data (SAD). This includes, but isn't limited to, merchants, processors, acquirers, issuers, and service providers. The PCI DSS is mandated by the card brands and administered by the Payment Card Industry Security Standards Council.;160246625885;ap-southeast-1;2024-04-12T10:44:19.807178;guardduty;This section contains recommendations for configuring AWS GuardDuty resources and options.;;;;guardduty;;FAIL;GuardDuty is not enabled.;160246625885;guardduty_is_enabled;False
aws;The Payment Card Industry Data Security Standard (PCI DSS) is a proprietary information security standard. It's administered by the PCI Security Standards Council, which was founded by American Express, Discover Financial Services, JCB International, MasterCard Worldwide, and Visa Inc. PCI DSS applies to entities that store, process, or transmit cardholder data (CHD) or sensitive authentication data (SAD). This includes, but isn't limited to, merchants, processors, acquirers, issuers, and service providers. The PCI DSS is mandated by the card brands and administered by the Payment Card Industry Security Standards Council.;160246625885;ap-southeast-2;2024-04-12T10:44:19.807178;guardduty;This section contains recommendations for configuring AWS GuardDuty resources and options.;;;;guardduty;;FAIL;GuardDuty is not enabled.;160246625885;guardduty_is_enabled;False
aws;The Payment Card Industry Data Security Standard (PCI DSS) is a proprietary information security standard. It's administered by the PCI Security Standards Council, which was founded by American Express, Discover Financial Services, JCB International, MasterCard Worldwide, and Visa Inc. PCI DSS applies to entities that store, process, or transmit cardholder data (CHD) or sensitive authentication data (SAD). This includes, but isn't limited to, merchants, processors, acquirers, issuers, and service providers. The PCI DSS is mandated by the card brands and administered by the Payment Card Industry Security Standards Council.;160246625885;ca-central-1;2024-04-12T10:44:19.807178;guardduty;This section contains recommendations for configuring AWS GuardDuty resources and options.;;;;guardduty;;FAIL;GuardDuty is not enabled.;160246625885;guardduty_is_enabled;False
aws;The Payment Card Industry Data Security Standard (PCI DSS) is a proprietary information security standard. It's administered by the PCI Security Standards Council, which was founded by American Express, Discover Financial Services, JCB International, MasterCard Worldwide, and Visa Inc. PCI DSS applies to entities that store, process, or transmit cardholder data (CHD) or sensitive authentication data (SAD). This includes, but isn't limited to, merchants, processors, acquirers, issuers, and service providers. The PCI DSS is mandated by the card brands and administered by the Payment Card Industry Security Standards Council.;160246625885;eu-central-1;2024-04-12T10:44:19.807178;guardduty;This section contains recommendations for configuring AWS GuardDuty resources and options.;;;;guardduty;;FAIL;GuardDuty is not enabled.;160246625885;guardduty_is_enabled;False
aws;The Payment Card Industry Data Security Standard (PCI DSS) is a proprietary information security standard. It's administered by the PCI Security Standards Council, which was founded by American Express, Discover Financial Services, JCB International, MasterCard Worldwide, and Visa Inc. PCI DSS applies to entities that store, process, or transmit cardholder data (CHD) or sensitive authentication data (SAD). This includes, but isn't limited to, merchants, processors, acquirers, issuers, and service providers. The PCI DSS is mandated by the card brands and administered by the Payment Card Industry Security Standards Council.;160246625885;eu-north-1;2024-04-12T10:44:19.807178;guardduty;This section contains recommendations for configuring AWS GuardDuty resources and options.;;;;guardduty;;FAIL;GuardDuty is not enabled.;160246625885;guardduty_is_enabled;False
aws;The Payment Card Industry Data Security Standard (PCI DSS) is a proprietary information security standard. It's administered by the PCI Security Standards Council, which was founded by American Express, Discover Financial Services, JCB International, MasterCard Worldwide, and Visa Inc. PCI DSS applies to entities that store, process, or transmit cardholder data (CHD) or sensitive authentication data (SAD). This includes, but isn't limited to, merchants, processors, acquirers, issuers, and service providers. The PCI DSS is mandated by the card brands and administered by the Payment Card Industry Security Standards Council.;160246625885;eu-west-1;2024-04-12T10:44:19.807178;guardduty;This section contains recommendations for configuring AWS GuardDuty resources and options.;;;;guardduty;;FAIL;GuardDuty is not enabled.;160246625885;guardduty_is_enabled;False
aws;The Payment Card Industry Data Security Standard (PCI DSS) is a proprietary information security standard. It's administered by the PCI Security Standards Council, which was founded by American Express, Discover Financial Services, JCB International, MasterCard Worldwide, and Visa Inc. PCI DSS applies to entities that store, process, or transmit cardholder data (CHD) or sensitive authentication data (SAD). This includes, but isn't limited to, merchants, processors, acquirers, issuers, and service providers. The PCI DSS is mandated by the card brands and administered by the Payment Card Industry Security Standards Council.;160246625885;eu-west-2;2024-04-12T10:44:19.807178;guardduty;This section contains recommendations for configuring AWS GuardDuty resources and options.;;;;guardduty;;FAIL;GuardDuty is not enabled.;160246625885;guardduty_is_enabled;False
aws;The Payment Card Industry Data Security Standard (PCI DSS) is a proprietary information security standard. It's administered by the PCI Security Standards Council, which was founded by American Express, Discover Financial Services, JCB International, MasterCard Worldwide, and Visa Inc. PCI DSS applies to entities that store, process, or transmit cardholder data (CHD) or sensitive authentication data (SAD). This includes, but isn't limited to, merchants, processors, acquirers, issuers, and service providers. The PCI DSS is mandated by the card brands and administered by the Payment Card Industry Security Standards Council.;160246625885;eu-west-3;2024-04-12T10:44:19.807178;guardduty;This section contains recommendations for configuring AWS GuardDuty resources and options.;;;;guardduty;;FAIL;GuardDuty is not enabled.;160246625885;guardduty_is_enabled;False
aws;The Payment Card Industry Data Security Standard (PCI DSS) is a proprietary information security standard. It's administered by the PCI Security Standards Council, which was founded by American Express, Discover Financial Services, JCB International, MasterCard Worldwide, and Visa Inc. PCI DSS applies to entities that store, process, or transmit cardholder data (CHD) or sensitive authentication data (SAD). This includes, but isn't limited to, merchants, processors, acquirers, issuers, and service providers. The PCI DSS is mandated by the card brands and administered by the Payment Card Industry Security Standards Council.;160246625885;sa-east-1;2024-04-12T10:44:19.807178;guardduty;This section contains recommendations for configuring AWS GuardDuty resources and options.;;;;guardduty;;FAIL;GuardDuty is not enabled.;160246625885;guardduty_is_enabled;False
aws;The Payment Card Industry Data Security Standard (PCI DSS) is a proprietary information security standard. It's administered by the PCI Security Standards Council, which was founded by American Express, Discover Financial Services, JCB International, MasterCard Worldwide, and Visa Inc. PCI DSS applies to entities that store, process, or transmit cardholder data (CHD) or sensitive authentication data (SAD). This includes, but isn't limited to, merchants, processors, acquirers, issuers, and service providers. The PCI DSS is mandated by the card brands and administered by the Payment Card Industry Security Standards Council.;160246625885;us-east-1;2024-04-12T10:44:19.807178;guardduty;This section contains recommendations for configuring AWS GuardDuty resources and options.;;;;guardduty;;FAIL;GuardDuty is not enabled.;160246625885;guardduty_is_enabled;False
aws;The Payment Card Industry Data Security Standard (PCI DSS) is a proprietary information security standard. It's administered by the PCI Security Standards Council, which was founded by American Express, Discover Financial Services, JCB International, MasterCard Worldwide, and Visa Inc. PCI DSS applies to entities that store, process, or transmit cardholder data (CHD) or sensitive authentication data (SAD). This includes, but isn't limited to, merchants, processors, acquirers, issuers, and service providers. The PCI DSS is mandated by the card brands and administered by the Payment Card Industry Security Standards Council.;160246625885;us-east-2;2024-04-12T10:44:19.807178;guardduty;This section contains recommendations for configuring AWS GuardDuty resources and options.;;;;guardduty;;FAIL;GuardDuty is not enabled.;160246625885;guardduty_is_enabled;False
aws;The Payment Card Industry Data Security Standard (PCI DSS) is a proprietary information security standard. It's administered by the PCI Security Standards Council, which was founded by American Express, Discover Financial Services, JCB International, MasterCard Worldwide, and Visa Inc. PCI DSS applies to entities that store, process, or transmit cardholder data (CHD) or sensitive authentication data (SAD). This includes, but isn't limited to, merchants, processors, acquirers, issuers, and service providers. The PCI DSS is mandated by the card brands and administered by the Payment Card Industry Security Standards Council.;160246625885;us-west-1;2024-04-12T10:44:19.807178;guardduty;This section contains recommendations for configuring AWS GuardDuty resources and options.;;;;guardduty;;FAIL;GuardDuty is not enabled.;160246625885;guardduty_is_enabled;False
aws;The Payment Card Industry Data Security Standard (PCI DSS) is a proprietary information security standard. It's administered by the PCI Security Standards Council, which was founded by American Express, Discover Financial Services, JCB International, MasterCard Worldwide, and Visa Inc. PCI DSS applies to entities that store, process, or transmit cardholder data (CHD) or sensitive authentication data (SAD). This includes, but isn't limited to, merchants, processors, acquirers, issuers, and service providers. The PCI DSS is mandated by the card brands and administered by the Payment Card Industry Security Standards Council.;160246625885;us-west-2;2024-04-12T10:44:19.807178;guardduty;This section contains recommendations for configuring AWS GuardDuty resources and options.;;;;guardduty;;FAIL;GuardDuty is not enabled.;160246625885;guardduty_is_enabled;False
aws;The Payment Card Industry Data Security Standard (PCI DSS) is a proprietary information security standard. It's administered by the PCI Security Standards Council, which was founded by American Express, Discover Financial Services, JCB International, MasterCard Worldwide, and Visa Inc. PCI DSS applies to entities that store, process, or transmit cardholder data (CHD) or sensitive authentication data (SAD). This includes, but isn't limited to, merchants, processors, acquirers, issuers, and service providers. The PCI DSS is mandated by the card brands and administered by the Payment Card Industry Security Standards Council.;160246625885;us-east-1;2024-04-12T10:44:19.807178;iam;This section contains recommendations for configuring AWS IAM resources and options.;;;;iam;;PASS;AWS policy AmazonRDSServiceRolePolicy is attached but does not allow '*:*' administrative privileges.;AmazonRDSServiceRolePolicy;iam_aws_attached_policy_no_administrative_privileges;False
aws;The Payment Card Industry Data Security Standard (PCI DSS) is a proprietary information security standard. It's administered by the PCI Security Standards Council, which was founded by American Express, Discover Financial Services, JCB International, MasterCard Worldwide, and Visa Inc. PCI DSS applies to entities that store, process, or transmit cardholder data (CHD) or sensitive authentication data (SAD). This includes, but isn't limited to, merchants, processors, acquirers, issuers, and service providers. The PCI DSS is mandated by the card brands and administered by the Payment Card Industry Security Standards Council.;160246625885;us-east-1;2024-04-12T10:44:19.807178;iam;This section contains recommendations for configuring AWS IAM resources and options.;;;;iam;;PASS;AWS policy AWSTrustedAdvisorServiceRolePolicy is attached but does not allow '*:*' administrative privileges.;AWSTrustedAdvisorServiceRolePolicy;iam_aws_attached_policy_no_administrative_privileges;False
aws;The Payment Card Industry Data Security Standard (PCI DSS) is a proprietary information security standard. It's administered by the PCI Security Standards Council, which was founded by American Express, Discover Financial Services, JCB International, MasterCard Worldwide, and Visa Inc. PCI DSS applies to entities that store, process, or transmit cardholder data (CHD) or sensitive authentication data (SAD). This includes, but isn't limited to, merchants, processors, acquirers, issuers, and service providers. The PCI DSS is mandated by the card brands and administered by the Payment Card Industry Security Standards Council.;160246625885;us-east-1;2024-04-12T10:44:19.807178;iam;This section contains recommendations for configuring AWS IAM resources and options.;;;;iam;;PASS;AWS policy AWSSupportServiceRolePolicy is attached but does not allow '*:*' administrative privileges.;AWSSupportServiceRolePolicy;iam_aws_attached_policy_no_administrative_privileges;False
aws;The Payment Card Industry Data Security Standard (PCI DSS) is a proprietary information security standard. It's administered by the PCI Security Standards Council, which was founded by American Express, Discover Financial Services, JCB International, MasterCard Worldwide, and Visa Inc. PCI DSS applies to entities that store, process, or transmit cardholder data (CHD) or sensitive authentication data (SAD). This includes, but isn't limited to, merchants, processors, acquirers, issuers, and service providers. The PCI DSS is mandated by the card brands and administered by the Payment Card Industry Security Standards Council.;160246625885;us-east-1;2024-04-12T10:44:19.807178;iam;This section contains recommendations for configuring AWS IAM resources and options.;;;;iam;;PASS;AWS policy AmazonRDSEnhancedMonitoringRole is attached but does not allow '*:*' administrative privileges.;AmazonRDSEnhancedMonitoringRole;iam_aws_attached_policy_no_administrative_privileges;False
aws;The Payment Card Industry Data Security Standard (PCI DSS) is a proprietary information security standard. It's administered by the PCI Security Standards Council, which was founded by American Express, Discover Financial Services, JCB International, MasterCard Worldwide, and Visa Inc. PCI DSS applies to entities that store, process, or transmit cardholder data (CHD) or sensitive authentication data (SAD). This includes, but isn't limited to, merchants, processors, acquirers, issuers, and service providers. The PCI DSS is mandated by the card brands and administered by the Payment Card Industry Security Standards Council.;160246625885;us-east-1;2024-04-12T10:44:19.807178;iam;This section contains recommendations for configuring AWS IAM resources and options.;;;;iam;;PASS;AWS policy ViewOnlyAccess is attached but does not allow '*:*' administrative privileges.;ViewOnlyAccess;iam_aws_attached_policy_no_administrative_privileges;False
aws;The Payment Card Industry Data Security Standard (PCI DSS) is a proprietary information security standard. It's administered by the PCI Security Standards Council, which was founded by American Express, Discover Financial Services, JCB International, MasterCard Worldwide, and Visa Inc. PCI DSS applies to entities that store, process, or transmit cardholder data (CHD) or sensitive authentication data (SAD). This includes, but isn't limited to, merchants, processors, acquirers, issuers, and service providers. The PCI DSS is mandated by the card brands and administered by the Payment Card Industry Security Standards Council.;160246625885;us-east-1;2024-04-12T10:44:19.807178;iam;This section contains recommendations for configuring AWS IAM resources and options.;;;;iam;;PASS;AWS policy SecurityAudit is attached but does not allow '*:*' administrative privileges.;SecurityAudit;iam_aws_attached_policy_no_administrative_privileges;False
aws;The Payment Card Industry Data Security Standard (PCI DSS) is a proprietary information security standard. It's administered by the PCI Security Standards Council, which was founded by American Express, Discover Financial Services, JCB International, MasterCard Worldwide, and Visa Inc. PCI DSS applies to entities that store, process, or transmit cardholder data (CHD) or sensitive authentication data (SAD). This includes, but isn't limited to, merchants, processors, acquirers, issuers, and service providers. The PCI DSS is mandated by the card brands and administered by the Payment Card Industry Security Standards Council.;160246625885;us-east-1;2024-04-12T10:44:19.807178;iam;This section contains recommendations for configuring AWS IAM resources and options.;;;;iam;;FAIL;Inline policy adminconsole for IAM identity arn:aws:iam::160246625885:user/consola allows '*:*' administrative privileges.;consola/adminconsole;iam_inline_policy_no_administrative_privileges;False
aws;The Payment Card Industry Data Security Standard (PCI DSS) is a proprietary information security standard. It's administered by the PCI Security Standards Council, which was founded by American Express, Discover Financial Services, JCB International, MasterCard Worldwide, and Visa Inc. PCI DSS applies to entities that store, process, or transmit cardholder data (CHD) or sensitive authentication data (SAD). This includes, but isn't limited to, merchants, processors, acquirers, issuers, and service providers. The PCI DSS is mandated by the card brands and administered by the Payment Card Industry Security Standards Council.;160246625885;us-east-1;2024-04-12T10:44:19.807178;iam;This section contains recommendations for configuring AWS IAM resources and options.;;;;iam;;PASS;Inline policy prowler-additions-policy for IAM identity arn:aws:iam::160246625885:user/pedroot does not allow '*:*' administrative privileges.;pedroot/prowler-additions-policy;iam_inline_policy_no_administrative_privileges;False
aws;The Payment Card Industry Data Security Standard (PCI DSS) is a proprietary information security standard. It's administered by the PCI Security Standards Council, which was founded by American Express, Discover Financial Services, JCB International, MasterCard Worldwide, and Visa Inc. PCI DSS applies to entities that store, process, or transmit cardholder data (CHD) or sensitive authentication data (SAD). This includes, but isn't limited to, merchants, processors, acquirers, issuers, and service providers. The PCI DSS is mandated by the card brands and administered by the Payment Card Industry Security Standards Council.;160246625885;us-east-1;2024-04-12T10:44:19.807178;iam;This section contains recommendations for configuring AWS IAM resources and options.;;;;iam;;PASS;Inline policy ProwlerProSaaSRoleAdditionalViewPrivileges for IAM identity arn:aws:iam::160246625885:role/ProwlerProSaaSScanRole does not allow '*:*' administrative privileges.;ProwlerProSaaSScanRole/ProwlerProSaaSRoleAdditionalViewPrivileges;iam_inline_policy_no_administrative_privileges;False
aws;The Payment Card Industry Data Security Standard (PCI DSS) is a proprietary information security standard. It's administered by the PCI Security Standards Council, which was founded by American Express, Discover Financial Services, JCB International, MasterCard Worldwide, and Visa Inc. PCI DSS applies to entities that store, process, or transmit cardholder data (CHD) or sensitive authentication data (SAD). This includes, but isn't limited to, merchants, processors, acquirers, issuers, and service providers. The PCI DSS is mandated by the card brands and administered by the Payment Card Industry Security Standards Council.;160246625885;us-east-1;2024-04-12T10:44:19.807178;iam;This section contains recommendations for configuring AWS IAM resources and options.;;;;iam;;PASS;Inline policy ProwlerProSaaSRoleApiGatewayViewPrivileges for IAM identity arn:aws:iam::160246625885:role/ProwlerProSaaSScanRole does not allow '*:*' administrative privileges.;ProwlerProSaaSScanRole/ProwlerProSaaSRoleApiGatewayViewPrivileges;iam_inline_policy_no_administrative_privileges;False
aws;The Payment Card Industry Data Security Standard (PCI DSS) is a proprietary information security standard. It's administered by the PCI Security Standards Council, which was founded by American Express, Discover Financial Services, JCB International, MasterCard Worldwide, and Visa Inc. PCI DSS applies to entities that store, process, or transmit cardholder data (CHD) or sensitive authentication data (SAD). This includes, but isn't limited to, merchants, processors, acquirers, issuers, and service providers. The PCI DSS is mandated by the card brands and administered by the Payment Card Industry Security Standards Council.;160246625885;us-east-1;2024-04-12T10:44:19.807178;iam;This section contains recommendations for configuring AWS IAM resources and options.;;;;iam;;FAIL;User <root_account> has two active access keys.;<root_account>;iam_no_root_access_key;False
aws;The Payment Card Industry Data Security Standard (PCI DSS) is a proprietary information security standard. It's administered by the PCI Security Standards Council, which was founded by American Express, Discover Financial Services, JCB International, MasterCard Worldwide, and Visa Inc. PCI DSS applies to entities that store, process, or transmit cardholder data (CHD) or sensitive authentication data (SAD). This includes, but isn't limited to, merchants, processors, acquirers, issuers, and service providers. The PCI DSS is mandated by the card brands and administered by the Payment Card Industry Security Standards Council.;160246625885;us-east-1;2024-04-12T10:44:19.807178;iam;This section contains recommendations for configuring AWS IAM resources and options.;;;;iam;;FAIL;Password policy cannot be found.;160246625885;iam_password_policy_lowercase;False
aws;The Payment Card Industry Data Security Standard (PCI DSS) is a proprietary information security standard. It's administered by the PCI Security Standards Council, which was founded by American Express, Discover Financial Services, JCB International, MasterCard Worldwide, and Visa Inc. PCI DSS applies to entities that store, process, or transmit cardholder data (CHD) or sensitive authentication data (SAD). This includes, but isn't limited to, merchants, processors, acquirers, issuers, and service providers. The PCI DSS is mandated by the card brands and administered by the Payment Card Industry Security Standards Council.;160246625885;us-east-1;2024-04-12T10:44:19.807178;iam;This section contains recommendations for configuring AWS IAM resources and options.;;;;iam;;FAIL;Password policy cannot be found.;160246625885;iam_password_policy_minimum_length_14;False
aws;The Payment Card Industry Data Security Standard (PCI DSS) is a proprietary information security standard. It's administered by the PCI Security Standards Council, which was founded by American Express, Discover Financial Services, JCB International, MasterCard Worldwide, and Visa Inc. PCI DSS applies to entities that store, process, or transmit cardholder data (CHD) or sensitive authentication data (SAD). This includes, but isn't limited to, merchants, processors, acquirers, issuers, and service providers. The PCI DSS is mandated by the card brands and administered by the Payment Card Industry Security Standards Council.;160246625885;us-east-1;2024-04-12T10:44:19.807178;iam;This section contains recommendations for configuring AWS IAM resources and options.;;;;iam;;FAIL;Password policy cannot be found.;160246625885;iam_password_policy_number;False
aws;The Payment Card Industry Data Security Standard (PCI DSS) is a proprietary information security standard. It's administered by the PCI Security Standards Council, which was founded by American Express, Discover Financial Services, JCB International, MasterCard Worldwide, and Visa Inc. PCI DSS applies to entities that store, process, or transmit cardholder data (CHD) or sensitive authentication data (SAD). This includes, but isn't limited to, merchants, processors, acquirers, issuers, and service providers. The PCI DSS is mandated by the card brands and administered by the Payment Card Industry Security Standards Council.;160246625885;us-east-1;2024-04-12T10:44:19.807178;iam;This section contains recommendations for configuring AWS IAM resources and options.;;;;iam;;FAIL;Password policy cannot be found.;160246625885;iam_password_policy_symbol;False
aws;The Payment Card Industry Data Security Standard (PCI DSS) is a proprietary information security standard. It's administered by the PCI Security Standards Council, which was founded by American Express, Discover Financial Services, JCB International, MasterCard Worldwide, and Visa Inc. PCI DSS applies to entities that store, process, or transmit cardholder data (CHD) or sensitive authentication data (SAD). This includes, but isn't limited to, merchants, processors, acquirers, issuers, and service providers. The PCI DSS is mandated by the card brands and administered by the Payment Card Industry Security Standards Council.;160246625885;us-east-1;2024-04-12T10:44:19.807178;iam;This section contains recommendations for configuring AWS IAM resources and options.;;;;iam;;FAIL;Password policy cannot be found.;160246625885;iam_password_policy_uppercase;False
aws;The Payment Card Industry Data Security Standard (PCI DSS) is a proprietary information security standard. It's administered by the PCI Security Standards Council, which was founded by American Express, Discover Financial Services, JCB International, MasterCard Worldwide, and Visa Inc. PCI DSS applies to entities that store, process, or transmit cardholder data (CHD) or sensitive authentication data (SAD). This includes, but isn't limited to, merchants, processors, acquirers, issuers, and service providers. The PCI DSS is mandated by the card brands and administered by the Payment Card Industry Security Standards Council.;160246625885;us-east-1;2024-04-12T10:44:19.807178;iam;This section contains recommendations for configuring AWS IAM resources and options.;;;;iam;;FAIL;Root account has a virtual MFA instead of a hardware MFA device enabled.;<root_account>;iam_root_hardware_mfa_enabled;False
aws;The Payment Card Industry Data Security Standard (PCI DSS) is a proprietary information security standard. It's administered by the PCI Security Standards Council, which was founded by American Express, Discover Financial Services, JCB International, MasterCard Worldwide, and Visa Inc. PCI DSS applies to entities that store, process, or transmit cardholder data (CHD) or sensitive authentication data (SAD). This includes, but isn't limited to, merchants, processors, acquirers, issuers, and service providers. The PCI DSS is mandated by the card brands and administered by the Payment Card Industry Security Standards Council.;160246625885;us-east-1;2024-04-12T10:44:19.807178;iam;This section contains recommendations for configuring AWS IAM resources and options.;;;;iam;;PASS;MFA is enabled for root account.;<root_account>;iam_root_mfa_enabled;False
aws;The Payment Card Industry Data Security Standard (PCI DSS) is a proprietary information security standard. It's administered by the PCI Security Standards Council, which was founded by American Express, Discover Financial Services, JCB International, MasterCard Worldwide, and Visa Inc. PCI DSS applies to entities that store, process, or transmit cardholder data (CHD) or sensitive authentication data (SAD). This includes, but isn't limited to, merchants, processors, acquirers, issuers, and service providers. The PCI DSS is mandated by the card brands and administered by the Payment Card Industry Security Standards Council.;160246625885;us-east-1;2024-04-12T10:44:19.807178;iam;This section contains recommendations for configuring AWS IAM resources and options.;;;;iam;;FAIL;User <root_account> has not used access key 2 in the last 45 days (412 days).;<root_account>/AccessKey2;iam_user_accesskey_unused;False
aws;The Payment Card Industry Data Security Standard (PCI DSS) is a proprietary information security standard. It's administered by the PCI Security Standards Council, which was founded by American Express, Discover Financial Services, JCB International, MasterCard Worldwide, and Visa Inc. PCI DSS applies to entities that store, process, or transmit cardholder data (CHD) or sensitive authentication data (SAD). This includes, but isn't limited to, merchants, processors, acquirers, issuers, and service providers. The PCI DSS is mandated by the card brands and administered by the Payment Card Industry Security Standards Council.;160246625885;us-east-1;2024-04-12T10:44:19.807178;iam;This section contains recommendations for configuring AWS IAM resources and options.;;;;iam;;FAIL;User consola has not used access key 1 in the last 45 days (296 days).;consola/AccessKey1;iam_user_accesskey_unused;False
aws;The Payment Card Industry Data Security Standard (PCI DSS) is a proprietary information security standard. It's administered by the PCI Security Standards Council, which was founded by American Express, Discover Financial Services, JCB International, MasterCard Worldwide, and Visa Inc. PCI DSS applies to entities that store, process, or transmit cardholder data (CHD) or sensitive authentication data (SAD). This includes, but isn't limited to, merchants, processors, acquirers, issuers, and service providers. The PCI DSS is mandated by the card brands and administered by the Payment Card Industry Security Standards Council.;160246625885;us-east-1;2024-04-12T10:44:19.807178;iam;This section contains recommendations for configuring AWS IAM resources and options.;;;;iam;;PASS;User pedromarting3 does not have access keys.;pedromarting3;iam_user_accesskey_unused;False
aws;The Payment Card Industry Data Security Standard (PCI DSS) is a proprietary information security standard. It's administered by the PCI Security Standards Council, which was founded by American Express, Discover Financial Services, JCB International, MasterCard Worldwide, and Visa Inc. PCI DSS applies to entities that store, process, or transmit cardholder data (CHD) or sensitive authentication data (SAD). This includes, but isn't limited to, merchants, processors, acquirers, issuers, and service providers. The PCI DSS is mandated by the card brands and administered by the Payment Card Industry Security Standards Council.;160246625885;us-east-1;2024-04-12T10:44:19.807178;iam;This section contains recommendations for configuring AWS IAM resources and options.;;;;iam;;PASS;User pedroot does not have unused access keys for 45 days.;pedroot;iam_user_accesskey_unused;False
aws;The Payment Card Industry Data Security Standard (PCI DSS) is a proprietary information security standard. It's administered by the PCI Security Standards Council, which was founded by American Express, Discover Financial Services, JCB International, MasterCard Worldwide, and Visa Inc. PCI DSS applies to entities that store, process, or transmit cardholder data (CHD) or sensitive authentication data (SAD). This includes, but isn't limited to, merchants, processors, acquirers, issuers, and service providers. The PCI DSS is mandated by the card brands and administered by the Payment Card Industry Security Standards Council.;160246625885;us-east-1;2024-04-12T10:44:19.807178;iam;This section contains recommendations for configuring AWS IAM resources and options.;;;;iam;;PASS;User consola does not have a console password or is unused.;consola;iam_user_console_access_unused;False
aws;The Payment Card Industry Data Security Standard (PCI DSS) is a proprietary information security standard. It's administered by the PCI Security Standards Council, which was founded by American Express, Discover Financial Services, JCB International, MasterCard Worldwide, and Visa Inc. PCI DSS applies to entities that store, process, or transmit cardholder data (CHD) or sensitive authentication data (SAD). This includes, but isn't limited to, merchants, processors, acquirers, issuers, and service providers. The PCI DSS is mandated by the card brands and administered by the Payment Card Industry Security Standards Council.;160246625885;us-east-1;2024-04-12T10:44:19.807178;iam;This section contains recommendations for configuring AWS IAM resources and options.;;;;iam;;FAIL;User pedromarting3 has not logged in to the console in the past 45 days (365 days).;pedromarting3;iam_user_console_access_unused;False
aws;The Payment Card Industry Data Security Standard (PCI DSS) is a proprietary information security standard. It's administered by the PCI Security Standards Council, which was founded by American Express, Discover Financial Services, JCB International, MasterCard Worldwide, and Visa Inc. PCI DSS applies to entities that store, process, or transmit cardholder data (CHD) or sensitive authentication data (SAD). This includes, but isn't limited to, merchants, processors, acquirers, issuers, and service providers. The PCI DSS is mandated by the card brands and administered by the Payment Card Industry Security Standards Council.;160246625885;us-east-1;2024-04-12T10:44:19.807178;iam;This section contains recommendations for configuring AWS IAM resources and options.;;;;iam;;PASS;User pedroot does not have a console password or is unused.;pedroot;iam_user_console_access_unused;False
aws;The Payment Card Industry Data Security Standard (PCI DSS) is a proprietary information security standard. It's administered by the PCI Security Standards Council, which was founded by American Express, Discover Financial Services, JCB International, MasterCard Worldwide, and Visa Inc. PCI DSS applies to entities that store, process, or transmit cardholder data (CHD) or sensitive authentication data (SAD). This includes, but isn't limited to, merchants, processors, acquirers, issuers, and service providers. The PCI DSS is mandated by the card brands and administered by the Payment Card Industry Security Standards Council.;160246625885;us-east-1;2024-04-12T10:44:19.807178;iam;This section contains recommendations for configuring AWS IAM resources and options.;;;;iam;;PASS;User consola does not have Console Password enabled.;consola;iam_user_mfa_enabled_console_access;False
aws;The Payment Card Industry Data Security Standard (PCI DSS) is a proprietary information security standard. It's administered by the PCI Security Standards Council, which was founded by American Express, Discover Financial Services, JCB International, MasterCard Worldwide, and Visa Inc. PCI DSS applies to entities that store, process, or transmit cardholder data (CHD) or sensitive authentication data (SAD). This includes, but isn't limited to, merchants, processors, acquirers, issuers, and service providers. The PCI DSS is mandated by the card brands and administered by the Payment Card Industry Security Standards Council.;160246625885;us-east-1;2024-04-12T10:44:19.807178;iam;This section contains recommendations for configuring AWS IAM resources and options.;;;;iam;;PASS;User pedromarting3 does not have Console Password enabled.;pedromarting3;iam_user_mfa_enabled_console_access;False
aws;The Payment Card Industry Data Security Standard (PCI DSS) is a proprietary information security standard. It's administered by the PCI Security Standards Council, which was founded by American Express, Discover Financial Services, JCB International, MasterCard Worldwide, and Visa Inc. PCI DSS applies to entities that store, process, or transmit cardholder data (CHD) or sensitive authentication data (SAD). This includes, but isn't limited to, merchants, processors, acquirers, issuers, and service providers. The PCI DSS is mandated by the card brands and administered by the Payment Card Industry Security Standards Council.;160246625885;us-east-1;2024-04-12T10:44:19.807178;iam;This section contains recommendations for configuring AWS IAM resources and options.;;;;iam;;PASS;User pedroot has Console Password enabled and MFA enabled.;pedroot;iam_user_mfa_enabled_console_access;False
