PROVIDER;DESCRIPTION;ACCOUNTID;REGION;ASSESSMENTDATE;REQUIREMENTS_ID;REQUIREMENTS_DESCRIPTION;REQUIREMENTS_ATTRIBUTES_SECTION;REQUIREMENTS_ATTRIBUTES_SUBSECTION;REQUIREMENTS_ATTRIBUTES_SUBGROUP;REQUIREMENTS_ATTRIBUTES_SERVICE;REQUIREMENTS_ATTRIBUTES_TYPE;STATUS;STATUSEXTENDED;RESOURCEID;CHECKID;MUTED
aws;The AWS Foundational Security Best Practices standard is a set of controls that detect when your deployed accounts and resources deviate from security best practices.;160246625885;;2024-04-12T10:44:19.807178;auto-scaling;This section contains recommendations for configuring Auto Scaling resources and options.;Auto Scaling;;;autoscaling;;MANUAL;Manual check;manual_check;manual_check;False
aws;The AWS Foundational Security Best Practices standard is a set of controls that detect when your deployed accounts and resources deviate from security best practices.;160246625885;;2024-04-12T10:44:19.807178;cloudformation;This section contains recommendations for configuring CloudFormation resources and options.;CloudFormation;;;cloudformation;;MANUAL;Manual check;manual_check;manual_check;False
aws;The AWS Foundational Security Best Practices standard is a set of controls that detect when your deployed accounts and resources deviate from security best practices.;160246625885;;2024-04-12T10:44:19.807178;codebuild;This section contains recommendations for configuring CodeBuild resources and options.;CodeBuild;;;codebuild;;MANUAL;Manual check;manual_check;manual_check;False
aws;The AWS Foundational Security Best Practices standard is a set of controls that detect when your deployed accounts and resources deviate from security best practices.;160246625885;;2024-04-12T10:44:19.807178;dms;This section contains recommendations for configuring AWS DMS resources and options.;DMS;;;dms;;MANUAL;Manual check;manual_check;manual_check;False
aws;The AWS Foundational Security Best Practices standard is a set of controls that detect when your deployed accounts and resources deviate from security best practices.;160246625885;;2024-04-12T10:44:19.807178;eks;This section contains recommendations for configuring AWS EKS resources and options.;EKS;;;eks;;MANUAL;Manual check;manual_check;manual_check;False
aws;The AWS Foundational Security Best Practices standard is a set of controls that detect when your deployed accounts and resources deviate from security best practices.;160246625885;;2024-04-12T10:44:19.807178;elastic-beanstalk;This section contains recommendations for configuring AWS Elastic Beanstalk resources and options.;Elastic Beanstalk;;;elasticbeanstalk;;MANUAL;Manual check;manual_check;manual_check;False
aws;The AWS Foundational Security Best Practices standard is a set of controls that detect when your deployed accounts and resources deviate from security best practices.;160246625885;;2024-04-12T10:44:19.807178;elbv2;This section contains recommendations for configuring Elastic Load Balancer resources and options.;ELBv2;;;elbv2;;MANUAL;Manual check;manual_check;manual_check;False
aws;The AWS Foundational Security Best Practices standard is a set of controls that detect when your deployed accounts and resources deviate from security best practices.;160246625885;;2024-04-12T10:44:19.807178;kinesis;This section contains recommendations for configuring AWS Kinesis resources and options.;Kinesis;;;kinesis;;MANUAL;Manual check;manual_check;manual_check;False
aws;The AWS Foundational Security Best Practices standard is a set of controls that detect when your deployed accounts and resources deviate from security best practices.;160246625885;;2024-04-12T10:44:19.807178;kms;This section contains recommendations for configuring AWS KMS resources and options.;KMS;;;kms;;MANUAL;Manual check;manual_check;manual_check;False
aws;The AWS Foundational Security Best Practices standard is a set of controls that detect when your deployed accounts and resources deviate from security best practices.;160246625885;;2024-04-12T10:44:19.807178;network-firewall;This section contains recommendations for configuring Network Firewall resources and options.;Network Firewall;;;network-firewall;;MANUAL;Manual check;manual_check;manual_check;False
aws;The AWS Foundational Security Best Practices standard is a set of controls that detect when your deployed accounts and resources deviate from security best practices.;160246625885;;2024-04-12T10:44:19.807178;waf;This section contains recommendations for configuring AWS WAF resources and options.;WAF;;;waf;;MANUAL;Manual check;manual_check;manual_check;False
aws;The AWS Foundational Security Best Practices standard is a set of controls that detect when your deployed accounts and resources deviate from security best practices.;160246625885;us-east-1;2024-04-12T10:44:19.807178;account;This section contains recommendations for configuring AWS Account.;Account;;;account;;MANUAL;Login to the AWS Console. Choose your account name on the top right of the window -> My Account -> Alternate Contacts -> Security Section.;160246625885;account_security_contact_information_is_registered;False
aws;The AWS Foundational Security Best Practices standard is a set of controls that detect when your deployed accounts and resources deviate from security best practices.;160246625885;us-east-1;2024-04-12T10:44:19.807178;acm;This section contains recommendations for configuring ACM resources.;Acm;;;acm;;MANUAL;Login to the AWS Console. Choose your account name on the top right of the window -> My Account -> Alternate Contacts -> Security Section.;160246625885;account_security_contact_information_is_registered;False
aws;The AWS Foundational Security Best Practices standard is a set of controls that detect when your deployed accounts and resources deviate from security best practices.;160246625885;ap-northeast-1;2024-04-12T10:44:19.807178;cloudtrail;This section contains recommendations for configuring CloudTrail resources and options.;CloudTrail;;;cloudtrail;;FAIL;No CloudTrail trails enabled and logging were found.;160246625885;cloudtrail_multi_region_enabled;False
aws;The AWS Foundational Security Best Practices standard is a set of controls that detect when your deployed accounts and resources deviate from security best practices.;160246625885;ap-northeast-2;2024-04-12T10:44:19.807178;cloudtrail;This section contains recommendations for configuring CloudTrail resources and options.;CloudTrail;;;cloudtrail;;FAIL;No CloudTrail trails enabled and logging were found.;160246625885;cloudtrail_multi_region_enabled;False
aws;The AWS Foundational Security Best Practices standard is a set of controls that detect when your deployed accounts and resources deviate from security best practices.;160246625885;ap-northeast-3;2024-04-12T10:44:19.807178;cloudtrail;This section contains recommendations for configuring CloudTrail resources and options.;CloudTrail;;;cloudtrail;;FAIL;No CloudTrail trails enabled and logging were found.;160246625885;cloudtrail_multi_region_enabled;False
aws;The AWS Foundational Security Best Practices standard is a set of controls that detect when your deployed accounts and resources deviate from security best practices.;160246625885;ap-south-1;2024-04-12T10:44:19.807178;cloudtrail;This section contains recommendations for configuring CloudTrail resources and options.;CloudTrail;;;cloudtrail;;FAIL;No CloudTrail trails enabled and logging were found.;160246625885;cloudtrail_multi_region_enabled;False
aws;The AWS Foundational Security Best Practices standard is a set of controls that detect when your deployed accounts and resources deviate from security best practices.;160246625885;ap-southeast-1;2024-04-12T10:44:19.807178;cloudtrail;This section contains recommendations for configuring CloudTrail resources and options.;CloudTrail;;;cloudtrail;;FAIL;No CloudTrail trails enabled and logging were found.;160246625885;cloudtrail_multi_region_enabled;False
aws;The AWS Foundational Security Best Practices standard is a set of controls that detect when your deployed accounts and resources deviate from security best practices.;160246625885;ap-southeast-2;2024-04-12T10:44:19.807178;cloudtrail;This section contains recommendations for configuring CloudTrail resources and options.;CloudTrail;;;cloudtrail;;FAIL;No CloudTrail trails enabled and logging were found.;160246625885;cloudtrail_multi_region_enabled;False
aws;The AWS Foundational Security Best Practices standard is a set of controls that detect when your deployed accounts and resources deviate from security best practices.;160246625885;ca-central-1;2024-04-12T10:44:19.807178;cloudtrail;This section contains recommendations for configuring CloudTrail resources and options.;CloudTrail;;;cloudtrail;;FAIL;No CloudTrail trails enabled and logging were found.;160246625885;cloudtrail_multi_region_enabled;False
aws;The AWS Foundational Security Best Practices standard is a set of controls that detect when your deployed accounts and resources deviate from security best practices.;160246625885;eu-central-1;2024-04-12T10:44:19.807178;cloudtrail;This section contains recommendations for configuring CloudTrail resources and options.;CloudTrail;;;cloudtrail;;FAIL;No CloudTrail trails enabled and logging were found.;160246625885;cloudtrail_multi_region_enabled;False
aws;The AWS Foundational Security Best Practices standard is a set of controls that detect when your deployed accounts and resources deviate from security best practices.;160246625885;eu-north-1;2024-04-12T10:44:19.807178;cloudtrail;This section contains recommendations for configuring CloudTrail resources and options.;CloudTrail;;;cloudtrail;;FAIL;No CloudTrail trails enabled and logging were found.;160246625885;cloudtrail_multi_region_enabled;False
aws;The AWS Foundational Security Best Practices standard is a set of controls that detect when your deployed accounts and resources deviate from security best practices.;160246625885;eu-west-1;2024-04-12T10:44:19.807178;cloudtrail;This section contains recommendations for configuring CloudTrail resources and options.;CloudTrail;;;cloudtrail;;FAIL;No CloudTrail trails enabled and logging were found.;160246625885;cloudtrail_multi_region_enabled;False
aws;The AWS Foundational Security Best Practices standard is a set of controls that detect when your deployed accounts and resources deviate from security best practices.;160246625885;eu-west-2;2024-04-12T10:44:19.807178;cloudtrail;This section contains recommendations for configuring CloudTrail resources and options.;CloudTrail;;;cloudtrail;;FAIL;No CloudTrail trails enabled and logging were found.;160246625885;cloudtrail_multi_region_enabled;False
aws;The AWS Foundational Security Best Practices standard is a set of controls that detect when your deployed accounts and resources deviate from security best practices.;160246625885;eu-west-3;2024-04-12T10:44:19.807178;cloudtrail;This section contains recommendations for configuring CloudTrail resources and options.;CloudTrail;;;cloudtrail;;FAIL;No CloudTrail trails enabled and logging were found.;160246625885;cloudtrail_multi_region_enabled;False
aws;The AWS Foundational Security Best Practices standard is a set of controls that detect when your deployed accounts and resources deviate from security best practices.;160246625885;sa-east-1;2024-04-12T10:44:19.807178;cloudtrail;This section contains recommendations for configuring CloudTrail resources and options.;CloudTrail;;;cloudtrail;;FAIL;No CloudTrail trails enabled and logging were found.;160246625885;cloudtrail_multi_region_enabled;False
aws;The AWS Foundational Security Best Practices standard is a set of controls that detect when your deployed accounts and resources deviate from security best practices.;160246625885;us-east-1;2024-04-12T10:44:19.807178;cloudtrail;This section contains recommendations for configuring CloudTrail resources and options.;CloudTrail;;;cloudtrail;;FAIL;No CloudTrail trails enabled and logging were found.;160246625885;cloudtrail_multi_region_enabled;False
aws;The AWS Foundational Security Best Practices standard is a set of controls that detect when your deployed accounts and resources deviate from security best practices.;160246625885;us-east-2;2024-04-12T10:44:19.807178;cloudtrail;This section contains recommendations for configuring CloudTrail resources and options.;CloudTrail;;;cloudtrail;;FAIL;No CloudTrail trails enabled and logging were found.;160246625885;cloudtrail_multi_region_enabled;False
aws;The AWS Foundational Security Best Practices standard is a set of controls that detect when your deployed accounts and resources deviate from security best practices.;160246625885;us-west-1;2024-04-12T10:44:19.807178;cloudtrail;This section contains recommendations for configuring CloudTrail resources and options.;CloudTrail;;;cloudtrail;;FAIL;No CloudTrail trails enabled and logging were found.;160246625885;cloudtrail_multi_region_enabled;False
aws;The AWS Foundational Security Best Practices standard is a set of controls that detect when your deployed accounts and resources deviate from security best practices.;160246625885;us-west-2;2024-04-12T10:44:19.807178;cloudtrail;This section contains recommendations for configuring CloudTrail resources and options.;CloudTrail;;;cloudtrail;;FAIL;No CloudTrail trails enabled and logging were found.;160246625885;cloudtrail_multi_region_enabled;False
aws;The AWS Foundational Security Best Practices standard is a set of controls that detect when your deployed accounts and resources deviate from security best practices.;160246625885;ap-northeast-1;2024-04-12T10:44:19.807178;config;This section contains recommendations for configuring AWS Config.;Config;;;config;;FAIL;AWS Config recorder 160246625885 is disabled.;160246625885;config_recorder_all_regions_enabled;False
aws;The AWS Foundational Security Best Practices standard is a set of controls that detect when your deployed accounts and resources deviate from security best practices.;160246625885;ap-northeast-2;2024-04-12T10:44:19.807178;config;This section contains recommendations for configuring AWS Config.;Config;;;config;;FAIL;AWS Config recorder 160246625885 is disabled.;160246625885;config_recorder_all_regions_enabled;False
aws;The AWS Foundational Security Best Practices standard is a set of controls that detect when your deployed accounts and resources deviate from security best practices.;160246625885;ap-northeast-3;2024-04-12T10:44:19.807178;config;This section contains recommendations for configuring AWS Config.;Config;;;config;;FAIL;AWS Config recorder 160246625885 is disabled.;160246625885;config_recorder_all_regions_enabled;False
aws;The AWS Foundational Security Best Practices standard is a set of controls that detect when your deployed accounts and resources deviate from security best practices.;160246625885;ap-south-1;2024-04-12T10:44:19.807178;config;This section contains recommendations for configuring AWS Config.;Config;;;config;;FAIL;AWS Config recorder 160246625885 is disabled.;160246625885;config_recorder_all_regions_enabled;False
aws;The AWS Foundational Security Best Practices standard is a set of controls that detect when your deployed accounts and resources deviate from security best practices.;160246625885;ap-southeast-1;2024-04-12T10:44:19.807178;config;This section contains recommendations for configuring AWS Config.;Config;;;config;;FAIL;AWS Config recorder 160246625885 is disabled.;160246625885;config_recorder_all_regions_enabled;False
aws;The AWS Foundational Security Best Practices standard is a set of controls that detect when your deployed accounts and resources deviate from security best practices.;160246625885;ap-southeast-2;2024-04-12T10:44:19.807178;config;This section contains recommendations for configuring AWS Config.;Config;;;config;;FAIL;AWS Config recorder 160246625885 is disabled.;160246625885;config_recorder_all_regions_enabled;False
aws;The AWS Foundational Security Best Practices standard is a set of controls that detect when your deployed accounts and resources deviate from security best practices.;160246625885;ca-central-1;2024-04-12T10:44:19.807178;config;This section contains recommendations for configuring AWS Config.;Config;;;config;;FAIL;AWS Config recorder 160246625885 is disabled.;160246625885;config_recorder_all_regions_enabled;False
aws;The AWS Foundational Security Best Practices standard is a set of controls that detect when your deployed accounts and resources deviate from security best practices.;160246625885;eu-central-1;2024-04-12T10:44:19.807178;config;This section contains recommendations for configuring AWS Config.;Config;;;config;;FAIL;AWS Config recorder 160246625885 is disabled.;160246625885;config_recorder_all_regions_enabled;False
aws;The AWS Foundational Security Best Practices standard is a set of controls that detect when your deployed accounts and resources deviate from security best practices.;160246625885;eu-north-1;2024-04-12T10:44:19.807178;config;This section contains recommendations for configuring AWS Config.;Config;;;config;;FAIL;AWS Config recorder 160246625885 is disabled.;160246625885;config_recorder_all_regions_enabled;False
aws;The AWS Foundational Security Best Practices standard is a set of controls that detect when your deployed accounts and resources deviate from security best practices.;160246625885;eu-west-1;2024-04-12T10:44:19.807178;config;This section contains recommendations for configuring AWS Config.;Config;;;config;;FAIL;AWS Config recorder 160246625885 is disabled.;160246625885;config_recorder_all_regions_enabled;False
aws;The AWS Foundational Security Best Practices standard is a set of controls that detect when your deployed accounts and resources deviate from security best practices.;160246625885;eu-west-2;2024-04-12T10:44:19.807178;config;This section contains recommendations for configuring AWS Config.;Config;;;config;;FAIL;AWS Config recorder 160246625885 is disabled.;160246625885;config_recorder_all_regions_enabled;False
aws;The AWS Foundational Security Best Practices standard is a set of controls that detect when your deployed accounts and resources deviate from security best practices.;160246625885;eu-west-3;2024-04-12T10:44:19.807178;config;This section contains recommendations for configuring AWS Config.;Config;;;config;;FAIL;AWS Config recorder 160246625885 is disabled.;160246625885;config_recorder_all_regions_enabled;False
aws;The AWS Foundational Security Best Practices standard is a set of controls that detect when your deployed accounts and resources deviate from security best practices.;160246625885;sa-east-1;2024-04-12T10:44:19.807178;config;This section contains recommendations for configuring AWS Config.;Config;;;config;;FAIL;AWS Config recorder 160246625885 is disabled.;160246625885;config_recorder_all_regions_enabled;False
aws;The AWS Foundational Security Best Practices standard is a set of controls that detect when your deployed accounts and resources deviate from security best practices.;160246625885;us-east-1;2024-04-12T10:44:19.807178;config;This section contains recommendations for configuring AWS Config.;Config;;;config;;FAIL;AWS Config recorder 160246625885 is disabled.;160246625885;config_recorder_all_regions_enabled;False
aws;The AWS Foundational Security Best Practices standard is a set of controls that detect when your deployed accounts and resources deviate from security best practices.;160246625885;us-east-2;2024-04-12T10:44:19.807178;config;This section contains recommendations for configuring AWS Config.;Config;;;config;;FAIL;AWS Config recorder 160246625885 is disabled.;160246625885;config_recorder_all_regions_enabled;False
aws;The AWS Foundational Security Best Practices standard is a set of controls that detect when your deployed accounts and resources deviate from security best practices.;160246625885;us-west-1;2024-04-12T10:44:19.807178;config;This section contains recommendations for configuring AWS Config.;Config;;;config;;FAIL;AWS Config recorder 160246625885 is disabled.;160246625885;config_recorder_all_regions_enabled;False
aws;The AWS Foundational Security Best Practices standard is a set of controls that detect when your deployed accounts and resources deviate from security best practices.;160246625885;us-west-2;2024-04-12T10:44:19.807178;config;This section contains recommendations for configuring AWS Config.;Config;;;config;;FAIL;AWS Config recorder 160246625885 is disabled.;160246625885;config_recorder_all_regions_enabled;False
aws;The AWS Foundational Security Best Practices standard is a set of controls that detect when your deployed accounts and resources deviate from security best practices.;160246625885;us-east-1;2024-04-12T10:44:19.807178;ec2;This section contains recommendations for configuring EC2 resources and options.;EC2;;;ec2;;FAIL;Network ACL acl-0350cc0fb09e3ceb1 has every port open to the Internet.;acl-0350cc0fb09e3ceb1;ec2_networkacl_allow_ingress_any_port;False
aws;The AWS Foundational Security Best Practices standard is a set of controls that detect when your deployed accounts and resources deviate from security best practices.;160246625885;ap-northeast-1;2024-04-12T10:44:19.807178;ec2;This section contains recommendations for configuring EC2 resources and options.;EC2;;;ec2;;FAIL;Default Security Group (sg-0826ecf7fb4b25e18) rules allow traffic.;sg-0826ecf7fb4b25e18;ec2_securitygroup_default_restrict_traffic;False
aws;The AWS Foundational Security Best Practices standard is a set of controls that detect when your deployed accounts and resources deviate from security best practices.;160246625885;ap-northeast-2;2024-04-12T10:44:19.807178;ec2;This section contains recommendations for configuring EC2 resources and options.;EC2;;;ec2;;FAIL;Default Security Group (sg-02cfd2794b7db6dc5) rules allow traffic.;sg-02cfd2794b7db6dc5;ec2_securitygroup_default_restrict_traffic;False
aws;The AWS Foundational Security Best Practices standard is a set of controls that detect when your deployed accounts and resources deviate from security best practices.;160246625885;ap-northeast-3;2024-04-12T10:44:19.807178;ec2;This section contains recommendations for configuring EC2 resources and options.;EC2;;;ec2;;FAIL;Default Security Group (sg-017bc7b18f766e37c) rules allow traffic.;sg-017bc7b18f766e37c;ec2_securitygroup_default_restrict_traffic;False
aws;The AWS Foundational Security Best Practices standard is a set of controls that detect when your deployed accounts and resources deviate from security best practices.;160246625885;ap-south-1;2024-04-12T10:44:19.807178;ec2;This section contains recommendations for configuring EC2 resources and options.;EC2;;;ec2;;FAIL;Default Security Group (sg-0d55a5b1390abccea) rules allow traffic.;sg-0d55a5b1390abccea;ec2_securitygroup_default_restrict_traffic;False
aws;The AWS Foundational Security Best Practices standard is a set of controls that detect when your deployed accounts and resources deviate from security best practices.;160246625885;ap-southeast-1;2024-04-12T10:44:19.807178;ec2;This section contains recommendations for configuring EC2 resources and options.;EC2;;;ec2;;FAIL;Default Security Group (sg-02e906c086e926108) rules allow traffic.;sg-02e906c086e926108;ec2_securitygroup_default_restrict_traffic;False
aws;The AWS Foundational Security Best Practices standard is a set of controls that detect when your deployed accounts and resources deviate from security best practices.;160246625885;ap-southeast-2;2024-04-12T10:44:19.807178;ec2;This section contains recommendations for configuring EC2 resources and options.;EC2;;;ec2;;FAIL;Default Security Group (sg-0a647c408f17c45e4) rules allow traffic.;sg-0a647c408f17c45e4;ec2_securitygroup_default_restrict_traffic;False
aws;The AWS Foundational Security Best Practices standard is a set of controls that detect when your deployed accounts and resources deviate from security best practices.;160246625885;ca-central-1;2024-04-12T10:44:19.807178;ec2;This section contains recommendations for configuring EC2 resources and options.;EC2;;;ec2;;FAIL;Default Security Group (sg-0feb6bb7268180c71) rules allow traffic.;sg-0feb6bb7268180c71;ec2_securitygroup_default_restrict_traffic;False
aws;The AWS Foundational Security Best Practices standard is a set of controls that detect when your deployed accounts and resources deviate from security best practices.;160246625885;eu-central-1;2024-04-12T10:44:19.807178;ec2;This section contains recommendations for configuring EC2 resources and options.;EC2;;;ec2;;FAIL;Default Security Group (sg-0f5fcac26da119b73) rules allow traffic.;sg-0f5fcac26da119b73;ec2_securitygroup_default_restrict_traffic;False
aws;The AWS Foundational Security Best Practices standard is a set of controls that detect when your deployed accounts and resources deviate from security best practices.;160246625885;eu-north-1;2024-04-12T10:44:19.807178;ec2;This section contains recommendations for configuring EC2 resources and options.;EC2;;;ec2;;FAIL;Default Security Group (sg-0f8591cea8bd65600) rules allow traffic.;sg-0f8591cea8bd65600;ec2_securitygroup_default_restrict_traffic;False
aws;The AWS Foundational Security Best Practices standard is a set of controls that detect when your deployed accounts and resources deviate from security best practices.;160246625885;eu-west-1;2024-04-12T10:44:19.807178;ec2;This section contains recommendations for configuring EC2 resources and options.;EC2;;;ec2;;FAIL;Default Security Group (sg-077b40a9ed6572057) rules allow traffic.;sg-077b40a9ed6572057;ec2_securitygroup_default_restrict_traffic;False
aws;The AWS Foundational Security Best Practices standard is a set of controls that detect when your deployed accounts and resources deviate from security best practices.;160246625885;eu-west-2;2024-04-12T10:44:19.807178;ec2;This section contains recommendations for configuring EC2 resources and options.;EC2;;;ec2;;FAIL;Default Security Group (sg-08f90b95407e48547) rules allow traffic.;sg-08f90b95407e48547;ec2_securitygroup_default_restrict_traffic;False
aws;The AWS Foundational Security Best Practices standard is a set of controls that detect when your deployed accounts and resources deviate from security best practices.;160246625885;eu-west-3;2024-04-12T10:44:19.807178;ec2;This section contains recommendations for configuring EC2 resources and options.;EC2;;;ec2;;FAIL;Default Security Group (sg-0bfbcee692a29cc5e) rules allow traffic.;sg-0bfbcee692a29cc5e;ec2_securitygroup_default_restrict_traffic;False
aws;The AWS Foundational Security Best Practices standard is a set of controls that detect when your deployed accounts and resources deviate from security best practices.;160246625885;sa-east-1;2024-04-12T10:44:19.807178;ec2;This section contains recommendations for configuring EC2 resources and options.;EC2;;;ec2;;FAIL;Default Security Group (sg-06930ece1c35bfd6e) rules allow traffic.;sg-06930ece1c35bfd6e;ec2_securitygroup_default_restrict_traffic;False
aws;The AWS Foundational Security Best Practices standard is a set of controls that detect when your deployed accounts and resources deviate from security best practices.;160246625885;us-east-1;2024-04-12T10:44:19.807178;ec2;This section contains recommendations for configuring EC2 resources and options.;EC2;;;ec2;;FAIL;Default Security Group (sg-0c63cd68360bc3c43) rules allow traffic.;sg-0c63cd68360bc3c43;ec2_securitygroup_default_restrict_traffic;False
aws;The AWS Foundational Security Best Practices standard is a set of controls that detect when your deployed accounts and resources deviate from security best practices.;160246625885;us-east-2;2024-04-12T10:44:19.807178;ec2;This section contains recommendations for configuring EC2 resources and options.;EC2;;;ec2;;FAIL;Default Security Group (sg-0cfd957818fc886dc) rules allow traffic.;sg-0cfd957818fc886dc;ec2_securitygroup_default_restrict_traffic;False
aws;The AWS Foundational Security Best Practices standard is a set of controls that detect when your deployed accounts and resources deviate from security best practices.;160246625885;us-west-1;2024-04-12T10:44:19.807178;ec2;This section contains recommendations for configuring EC2 resources and options.;EC2;;;ec2;;FAIL;Default Security Group (sg-0d96fdb508bf3581c) rules allow traffic.;sg-0d96fdb508bf3581c;ec2_securitygroup_default_restrict_traffic;False
aws;The AWS Foundational Security Best Practices standard is a set of controls that detect when your deployed accounts and resources deviate from security best practices.;160246625885;us-west-2;2024-04-12T10:44:19.807178;ec2;This section contains recommendations for configuring EC2 resources and options.;EC2;;;ec2;;FAIL;Default Security Group (sg-04a61701113d960e8) rules allow traffic.;sg-04a61701113d960e8;ec2_securitygroup_default_restrict_traffic;False
aws;The AWS Foundational Security Best Practices standard is a set of controls that detect when your deployed accounts and resources deviate from security best practices.;160246625885;us-east-1;2024-04-12T10:44:19.807178;ec2;This section contains recommendations for configuring EC2 resources and options.;EC2;;;ec2;;FAIL;Security group launch-wizard-1 (sg-02b659992f0235107) it is not being used.;sg-02b659992f0235107;ec2_securitygroup_not_used;False
aws;The AWS Foundational Security Best Practices standard is a set of controls that detect when your deployed accounts and resources deviate from security best practices.;160246625885;ap-northeast-1;2024-04-12T10:44:19.807178;guardduty;This section contains recommendations for configuring AWS GuardDuty resources and options.;GuardDuty;;;guardduty;;FAIL;GuardDuty is not enabled.;160246625885;guardduty_is_enabled;False
aws;The AWS Foundational Security Best Practices standard is a set of controls that detect when your deployed accounts and resources deviate from security best practices.;160246625885;ap-northeast-2;2024-04-12T10:44:19.807178;guardduty;This section contains recommendations for configuring AWS GuardDuty resources and options.;GuardDuty;;;guardduty;;FAIL;GuardDuty is not enabled.;160246625885;guardduty_is_enabled;False
aws;The AWS Foundational Security Best Practices standard is a set of controls that detect when your deployed accounts and resources deviate from security best practices.;160246625885;ap-northeast-3;2024-04-12T10:44:19.807178;guardduty;This section contains recommendations for configuring AWS GuardDuty resources and options.;GuardDuty;;;guardduty;;FAIL;GuardDuty is not enabled.;160246625885;guardduty_is_enabled;False
aws;The AWS Foundational Security Best Practices standard is a set of controls that detect when your deployed accounts and resources deviate from security best practices.;160246625885;ap-south-1;2024-04-12T10:44:19.807178;guardduty;This section contains recommendations for configuring AWS GuardDuty resources and options.;GuardDuty;;;guardduty;;FAIL;GuardDuty is not enabled.;160246625885;guardduty_is_enabled;False
aws;The AWS Foundational Security Best Practices standard is a set of controls that detect when your deployed accounts and resources deviate from security best practices.;160246625885;ap-southeast-1;2024-04-12T10:44:19.807178;guardduty;This section contains recommendations for configuring AWS GuardDuty resources and options.;GuardDuty;;;guardduty;;FAIL;GuardDuty is not enabled.;160246625885;guardduty_is_enabled;False
aws;The AWS Foundational Security Best Practices standard is a set of controls that detect when your deployed accounts and resources deviate from security best practices.;160246625885;ap-southeast-2;2024-04-12T10:44:19.807178;guardduty;This section contains recommendations for configuring AWS GuardDuty resources and options.;GuardDuty;;;guardduty;;FAIL;GuardDuty is not enabled.;160246625885;guardduty_is_enabled;False
aws;The AWS Foundational Security Best Practices standard is a set of controls that detect when your deployed accounts and resources deviate from security best practices.;160246625885;ca-central-1;2024-04-12T10:44:19.807178;guardduty;This section contains recommendations for configuring AWS GuardDuty resources and options.;GuardDuty;;;guardduty;;FAIL;GuardDuty is not enabled.;160246625885;guardduty_is_enabled;False
aws;The AWS Foundational Security Best Practices standard is a set of controls that detect when your deployed accounts and resources deviate from security best practices.;160246625885;eu-central-1;2024-04-12T10:44:19.807178;guardduty;This section contains recommendations for configuring AWS GuardDuty resources and options.;GuardDuty;;;guardduty;;FAIL;GuardDuty is not enabled.;160246625885;guardduty_is_enabled;False
aws;The AWS Foundational Security Best Practices standard is a set of controls that detect when your deployed accounts and resources deviate from security best practices.;160246625885;eu-north-1;2024-04-12T10:44:19.807178;guardduty;This section contains recommendations for configuring AWS GuardDuty resources and options.;GuardDuty;;;guardduty;;FAIL;GuardDuty is not enabled.;160246625885;guardduty_is_enabled;False
aws;The AWS Foundational Security Best Practices standard is a set of controls that detect when your deployed accounts and resources deviate from security best practices.;160246625885;eu-west-1;2024-04-12T10:44:19.807178;guardduty;This section contains recommendations for configuring AWS GuardDuty resources and options.;GuardDuty;;;guardduty;;FAIL;GuardDuty is not enabled.;160246625885;guardduty_is_enabled;False
aws;The AWS Foundational Security Best Practices standard is a set of controls that detect when your deployed accounts and resources deviate from security best practices.;160246625885;eu-west-2;2024-04-12T10:44:19.807178;guardduty;This section contains recommendations for configuring AWS GuardDuty resources and options.;GuardDuty;;;guardduty;;FAIL;GuardDuty is not enabled.;160246625885;guardduty_is_enabled;False
aws;The AWS Foundational Security Best Practices standard is a set of controls that detect when your deployed accounts and resources deviate from security best practices.;160246625885;eu-west-3;2024-04-12T10:44:19.807178;guardduty;This section contains recommendations for configuring AWS GuardDuty resources and options.;GuardDuty;;;guardduty;;FAIL;GuardDuty is not enabled.;160246625885;guardduty_is_enabled;False
aws;The AWS Foundational Security Best Practices standard is a set of controls that detect when your deployed accounts and resources deviate from security best practices.;160246625885;sa-east-1;2024-04-12T10:44:19.807178;guardduty;This section contains recommendations for configuring AWS GuardDuty resources and options.;GuardDuty;;;guardduty;;FAIL;GuardDuty is not enabled.;160246625885;guardduty_is_enabled;False
aws;The AWS Foundational Security Best Practices standard is a set of controls that detect when your deployed accounts and resources deviate from security best practices.;160246625885;us-east-1;2024-04-12T10:44:19.807178;guardduty;This section contains recommendations for configuring AWS GuardDuty resources and options.;GuardDuty;;;guardduty;;FAIL;GuardDuty is not enabled.;160246625885;guardduty_is_enabled;False
aws;The AWS Foundational Security Best Practices standard is a set of controls that detect when your deployed accounts and resources deviate from security best practices.;160246625885;us-east-2;2024-04-12T10:44:19.807178;guardduty;This section contains recommendations for configuring AWS GuardDuty resources and options.;GuardDuty;;;guardduty;;FAIL;GuardDuty is not enabled.;160246625885;guardduty_is_enabled;False
aws;The AWS Foundational Security Best Practices standard is a set of controls that detect when your deployed accounts and resources deviate from security best practices.;160246625885;us-west-1;2024-04-12T10:44:19.807178;guardduty;This section contains recommendations for configuring AWS GuardDuty resources and options.;GuardDuty;;;guardduty;;FAIL;GuardDuty is not enabled.;160246625885;guardduty_is_enabled;False
aws;The AWS Foundational Security Best Practices standard is a set of controls that detect when your deployed accounts and resources deviate from security best practices.;160246625885;us-west-2;2024-04-12T10:44:19.807178;guardduty;This section contains recommendations for configuring AWS GuardDuty resources and options.;GuardDuty;;;guardduty;;FAIL;GuardDuty is not enabled.;160246625885;guardduty_is_enabled;False
aws;The AWS Foundational Security Best Practices standard is a set of controls that detect when your deployed accounts and resources deviate from security best practices.;160246625885;us-east-1;2024-04-12T10:44:19.807178;iam;This section contains recommendations for configuring AWS IAM resources and options.;IAM;;;iam;;PASS;AWS policy AmazonRDSServiceRolePolicy is attached but does not allow '*:*' administrative privileges.;AmazonRDSServiceRolePolicy;iam_aws_attached_policy_no_administrative_privileges;False
aws;The AWS Foundational Security Best Practices standard is a set of controls that detect when your deployed accounts and resources deviate from security best practices.;160246625885;us-east-1;2024-04-12T10:44:19.807178;iam;This section contains recommendations for configuring AWS IAM resources and options.;IAM;;;iam;;PASS;AWS policy AWSTrustedAdvisorServiceRolePolicy is attached but does not allow '*:*' administrative privileges.;AWSTrustedAdvisorServiceRolePolicy;iam_aws_attached_policy_no_administrative_privileges;False
aws;The AWS Foundational Security Best Practices standard is a set of controls that detect when your deployed accounts and resources deviate from security best practices.;160246625885;us-east-1;2024-04-12T10:44:19.807178;iam;This section contains recommendations for configuring AWS IAM resources and options.;IAM;;;iam;;PASS;AWS policy AWSSupportServiceRolePolicy is attached but does not allow '*:*' administrative privileges.;AWSSupportServiceRolePolicy;iam_aws_attached_policy_no_administrative_privileges;False
aws;The AWS Foundational Security Best Practices standard is a set of controls that detect when your deployed accounts and resources deviate from security best practices.;160246625885;us-east-1;2024-04-12T10:44:19.807178;iam;This section contains recommendations for configuring AWS IAM resources and options.;IAM;;;iam;;PASS;AWS policy AmazonRDSEnhancedMonitoringRole is attached but does not allow '*:*' administrative privileges.;AmazonRDSEnhancedMonitoringRole;iam_aws_attached_policy_no_administrative_privileges;False
aws;The AWS Foundational Security Best Practices standard is a set of controls that detect when your deployed accounts and resources deviate from security best practices.;160246625885;us-east-1;2024-04-12T10:44:19.807178;iam;This section contains recommendations for configuring AWS IAM resources and options.;IAM;;;iam;;PASS;AWS policy ViewOnlyAccess is attached but does not allow '*:*' administrative privileges.;ViewOnlyAccess;iam_aws_attached_policy_no_administrative_privileges;False
aws;The AWS Foundational Security Best Practices standard is a set of controls that detect when your deployed accounts and resources deviate from security best practices.;160246625885;us-east-1;2024-04-12T10:44:19.807178;iam;This section contains recommendations for configuring AWS IAM resources and options.;IAM;;;iam;;PASS;AWS policy SecurityAudit is attached but does not allow '*:*' administrative privileges.;SecurityAudit;iam_aws_attached_policy_no_administrative_privileges;False
aws;The AWS Foundational Security Best Practices standard is a set of controls that detect when your deployed accounts and resources deviate from security best practices.;160246625885;us-east-1;2024-04-12T10:44:19.807178;iam;This section contains recommendations for configuring AWS IAM resources and options.;IAM;;;iam;;FAIL;Inline policy adminconsole for IAM identity arn:aws:iam::160246625885:user/consola allows '*:*' administrative privileges.;consola/adminconsole;iam_inline_policy_no_administrative_privileges;False
aws;The AWS Foundational Security Best Practices standard is a set of controls that detect when your deployed accounts and resources deviate from security best practices.;160246625885;us-east-1;2024-04-12T10:44:19.807178;iam;This section contains recommendations for configuring AWS IAM resources and options.;IAM;;;iam;;PASS;Inline policy prowler-additions-policy for IAM identity arn:aws:iam::160246625885:user/pedroot does not allow '*:*' administrative privileges.;pedroot/prowler-additions-policy;iam_inline_policy_no_administrative_privileges;False
aws;The AWS Foundational Security Best Practices standard is a set of controls that detect when your deployed accounts and resources deviate from security best practices.;160246625885;us-east-1;2024-04-12T10:44:19.807178;iam;This section contains recommendations for configuring AWS IAM resources and options.;IAM;;;iam;;PASS;Inline policy ProwlerProSaaSRoleAdditionalViewPrivileges for IAM identity arn:aws:iam::160246625885:role/ProwlerProSaaSScanRole does not allow '*:*' administrative privileges.;ProwlerProSaaSScanRole/ProwlerProSaaSRoleAdditionalViewPrivileges;iam_inline_policy_no_administrative_privileges;False
aws;The AWS Foundational Security Best Practices standard is a set of controls that detect when your deployed accounts and resources deviate from security best practices.;160246625885;us-east-1;2024-04-12T10:44:19.807178;iam;This section contains recommendations for configuring AWS IAM resources and options.;IAM;;;iam;;PASS;Inline policy ProwlerProSaaSRoleApiGatewayViewPrivileges for IAM identity arn:aws:iam::160246625885:role/ProwlerProSaaSScanRole does not allow '*:*' administrative privileges.;ProwlerProSaaSScanRole/ProwlerProSaaSRoleApiGatewayViewPrivileges;iam_inline_policy_no_administrative_privileges;False
aws;The AWS Foundational Security Best Practices standard is a set of controls that detect when your deployed accounts and resources deviate from security best practices.;160246625885;us-east-1;2024-04-12T10:44:19.807178;iam;This section contains recommendations for configuring AWS IAM resources and options.;IAM;;;iam;;FAIL;User <root_account> has two active access keys.;<root_account>;iam_no_root_access_key;False
aws;The AWS Foundational Security Best Practices standard is a set of controls that detect when your deployed accounts and resources deviate from security best practices.;160246625885;us-east-1;2024-04-12T10:44:19.807178;iam;This section contains recommendations for configuring AWS IAM resources and options.;IAM;;;iam;;FAIL;Password policy cannot be found.;160246625885;iam_password_policy_minimum_length_14;False
aws;The AWS Foundational Security Best Practices standard is a set of controls that detect when your deployed accounts and resources deviate from security best practices.;160246625885;us-east-1;2024-04-12T10:44:19.807178;iam;This section contains recommendations for configuring AWS IAM resources and options.;IAM;;;iam;;FAIL;Root account has a virtual MFA instead of a hardware MFA device enabled.;<root_account>;iam_root_hardware_mfa_enabled;False
aws;The AWS Foundational Security Best Practices standard is a set of controls that detect when your deployed accounts and resources deviate from security best practices.;160246625885;us-east-1;2024-04-12T10:44:19.807178;iam;This section contains recommendations for configuring AWS IAM resources and options.;IAM;;;iam;;FAIL;User <root_account> has not rotated access key 1 in over 90 days (412 days).;<root_account>;iam_rotate_access_key_90_days;False
aws;The AWS Foundational Security Best Practices standard is a set of controls that detect when your deployed accounts and resources deviate from security best practices.;160246625885;us-east-1;2024-04-12T10:44:19.807178;iam;This section contains recommendations for configuring AWS IAM resources and options.;IAM;;;iam;;FAIL;User <root_account> has not rotated access key 2 in over 90 days (412 days).;<root_account>;iam_rotate_access_key_90_days;False
aws;The AWS Foundational Security Best Practices standard is a set of controls that detect when your deployed accounts and resources deviate from security best practices.;160246625885;us-east-1;2024-04-12T10:44:19.807178;iam;This section contains recommendations for configuring AWS IAM resources and options.;IAM;;;iam;;FAIL;User consola has not rotated access key 1 in over 90 days (350 days).;consola;iam_rotate_access_key_90_days;False
aws;The AWS Foundational Security Best Practices standard is a set of controls that detect when your deployed accounts and resources deviate from security best practices.;160246625885;us-east-1;2024-04-12T10:44:19.807178;iam;This section contains recommendations for configuring AWS IAM resources and options.;IAM;;;iam;;PASS;User pedromarting3 does not have access keys.;pedromarting3;iam_rotate_access_key_90_days;False
aws;The AWS Foundational Security Best Practices standard is a set of controls that detect when your deployed accounts and resources deviate from security best practices.;160246625885;us-east-1;2024-04-12T10:44:19.807178;iam;This section contains recommendations for configuring AWS IAM resources and options.;IAM;;;iam;;FAIL;User pedroot has not rotated access key 1 in over 90 days (122 days).;pedroot;iam_rotate_access_key_90_days;False
aws;The AWS Foundational Security Best Practices standard is a set of controls that detect when your deployed accounts and resources deviate from security best practices.;160246625885;us-east-1;2024-04-12T10:44:19.807178;iam;This section contains recommendations for configuring AWS IAM resources and options.;IAM;;;iam;;FAIL;User <root_account> has not used access key 2 in the last 45 days (412 days).;<root_account>/AccessKey2;iam_user_accesskey_unused;False
aws;The AWS Foundational Security Best Practices standard is a set of controls that detect when your deployed accounts and resources deviate from security best practices.;160246625885;us-east-1;2024-04-12T10:44:19.807178;iam;This section contains recommendations for configuring AWS IAM resources and options.;IAM;;;iam;;FAIL;User consola has not used access key 1 in the last 45 days (296 days).;consola/AccessKey1;iam_user_accesskey_unused;False
aws;The AWS Foundational Security Best Practices standard is a set of controls that detect when your deployed accounts and resources deviate from security best practices.;160246625885;us-east-1;2024-04-12T10:44:19.807178;iam;This section contains recommendations for configuring AWS IAM resources and options.;IAM;;;iam;;PASS;User pedromarting3 does not have access keys.;pedromarting3;iam_user_accesskey_unused;False
aws;The AWS Foundational Security Best Practices standard is a set of controls that detect when your deployed accounts and resources deviate from security best practices.;160246625885;us-east-1;2024-04-12T10:44:19.807178;iam;This section contains recommendations for configuring AWS IAM resources and options.;IAM;;;iam;;PASS;User pedroot does not have unused access keys for 45 days.;pedroot;iam_user_accesskey_unused;False
aws;The AWS Foundational Security Best Practices standard is a set of controls that detect when your deployed accounts and resources deviate from security best practices.;160246625885;us-east-1;2024-04-12T10:44:19.807178;iam;This section contains recommendations for configuring AWS IAM resources and options.;IAM;;;iam;;PASS;User consola does not have a console password or is unused.;consola;iam_user_console_access_unused;False
aws;The AWS Foundational Security Best Practices standard is a set of controls that detect when your deployed accounts and resources deviate from security best practices.;160246625885;us-east-1;2024-04-12T10:44:19.807178;iam;This section contains recommendations for configuring AWS IAM resources and options.;IAM;;;iam;;FAIL;User pedromarting3 has not logged in to the console in the past 45 days (365 days).;pedromarting3;iam_user_console_access_unused;False
aws;The AWS Foundational Security Best Practices standard is a set of controls that detect when your deployed accounts and resources deviate from security best practices.;160246625885;us-east-1;2024-04-12T10:44:19.807178;iam;This section contains recommendations for configuring AWS IAM resources and options.;IAM;;;iam;;PASS;User pedroot does not have a console password or is unused.;pedroot;iam_user_console_access_unused;False
aws;The AWS Foundational Security Best Practices standard is a set of controls that detect when your deployed accounts and resources deviate from security best practices.;160246625885;us-east-1;2024-04-12T10:44:19.807178;iam;This section contains recommendations for configuring AWS IAM resources and options.;IAM;;;iam;;PASS;User consola does not have Console Password enabled.;consola;iam_user_mfa_enabled_console_access;False
aws;The AWS Foundational Security Best Practices standard is a set of controls that detect when your deployed accounts and resources deviate from security best practices.;160246625885;us-east-1;2024-04-12T10:44:19.807178;iam;This section contains recommendations for configuring AWS IAM resources and options.;IAM;;;iam;;PASS;User pedromarting3 does not have Console Password enabled.;pedromarting3;iam_user_mfa_enabled_console_access;False
aws;The AWS Foundational Security Best Practices standard is a set of controls that detect when your deployed accounts and resources deviate from security best practices.;160246625885;us-east-1;2024-04-12T10:44:19.807178;iam;This section contains recommendations for configuring AWS IAM resources and options.;IAM;;;iam;;PASS;User pedroot has Console Password enabled and MFA enabled.;pedroot;iam_user_mfa_enabled_console_access;False
